date,year,month,location,flu.admits
2020-01-01,2020,1,US,5
2020-02-01,2020,2,US,0
2020-03-01,2020,3,US,0
2020-04-01,2020,4,US,0
2020-05-01,2020,5,US,0
2020-06-01,2020,6,US,0
2020-07-01,2020,7,US,0
2020-08-01,2020,8,US,0
2020-09-01,2020,9,US,0
2020-10-01,2020,10,US,658
2020-11-01,2020,11,US,2366
2020-12-01,2020,12,US,3240
2021-01-01,2021,1,US,2697
2021-02-01,2021,2,US,1971
2021-03-01,2021,3,US,1825
2021-04-01,2021,4,US,1925
2021-05-01,2021,5,US,1376
2021-06-01,2021,6,US,1134
2021-07-01,2021,7,US,1429
2021-08-01,2021,8,US,1491
2021-09-01,2021,9,US,1329
2021-10-01,2021,10,US,1669
2021-11-01,2021,11,US,2427
2021-12-01,2021,12,US,7748
2022-01-01,2022,1,US,6325
2022-02-01,2022,2,US,5859
2022-03-01,2022,3,US,11870
2022-04-01,2022,4,US,14514
2022-05-01,2022,5,US,13726
2022-06-01,2022,6,US,7906
2022-07-01,2022,7,US,3367
2022-08-01,2022,8,US,2646
2022-09-01,2022,9,US,3018
2022-10-01,2022,10,US,11516
2022-11-01,2022,11,US,61250
2022-12-01,2022,12,US,94079
2023-01-01,2023,1,US,27656
2023-02-01,2023,2,US,7596
2023-03-01,2023,3,US,6033
2023-04-01,2023,4,US,4527
2023-05-01,2023,5,US,4273
2020-01-01,2020,1,01,0
2020-02-01,2020,2,01,0
2020-03-01,2020,3,01,0
2020-04-01,2020,4,01,0
2020-05-01,2020,5,01,0
2020-06-01,2020,6,01,0
2020-07-01,2020,7,01,0
2020-08-01,2020,8,01,0
2020-09-01,2020,9,01,0
2020-10-01,2020,10,01,20
2020-11-01,2020,11,01,60
2020-12-01,2020,12,01,97
2021-01-01,2021,1,01,177
2021-02-01,2021,2,01,110
2021-03-01,2021,3,01,82
2021-04-01,2021,4,01,91
2021-05-01,2021,5,01,63
2021-06-01,2021,6,01,79
2021-07-01,2021,7,01,92
2021-08-01,2021,8,01,101
2021-09-01,2021,9,01,97
2021-10-01,2021,10,01,58
2021-11-01,2021,11,01,92
2021-12-01,2021,12,01,146
2022-01-01,2022,1,01,109
2022-02-01,2022,2,01,67
2022-03-01,2022,3,01,143
2022-04-01,2022,4,01,94
2022-05-01,2022,5,01,83
2022-06-01,2022,6,01,64
2022-07-01,2022,7,01,82
2022-08-01,2022,8,01,68
2022-09-01,2022,9,01,80
2022-10-01,2022,10,01,617
2022-11-01,2022,11,01,1280
2022-12-01,2022,12,01,798
2023-01-01,2023,1,01,338
2023-02-01,2023,2,01,107
2023-03-01,2023,3,01,93
2023-04-01,2023,4,01,67
2023-05-01,2023,5,01,58
2020-03-01,2020,3,02,0
2020-04-01,2020,4,02,0
2020-05-01,2020,5,02,0
2020-06-01,2020,6,02,0
2020-07-01,2020,7,02,0
2020-08-01,2020,8,02,0
2020-09-01,2020,9,02,0
2020-10-01,2020,10,02,0
2020-11-01,2020,11,02,2
2020-12-01,2020,12,02,12
2021-01-01,2021,1,02,0
2021-02-01,2021,2,02,0
2021-03-01,2021,3,02,0
2021-04-01,2021,4,02,17
2021-05-01,2021,5,02,32
2021-06-01,2021,6,02,30
2021-07-01,2021,7,02,32
2021-08-01,2021,8,02,31
2021-09-01,2021,9,02,29
2021-10-01,2021,10,02,1
2021-11-01,2021,11,02,0
2021-12-01,2021,12,02,17
2022-01-01,2022,1,02,32
2022-02-01,2022,2,02,1
2022-03-01,2022,3,02,6
2022-04-01,2022,4,02,8
2022-05-01,2022,5,02,29
2022-06-01,2022,6,02,14
2022-07-01,2022,7,02,3
2022-08-01,2022,8,02,3
2022-09-01,2022,9,02,7
2022-10-01,2022,10,02,27
2022-11-01,2022,11,02,163
2022-12-01,2022,12,02,230
2023-01-01,2023,1,02,48
2023-02-01,2023,2,02,10
2023-03-01,2023,3,02,11
2023-04-01,2023,4,02,5
2023-05-01,2023,5,02,9
2020-03-01,2020,3,04,0
2020-04-01,2020,4,04,0
2020-05-01,2020,5,04,0
2020-06-01,2020,6,04,0
2020-07-01,2020,7,04,0
2020-08-01,2020,8,04,0
2020-09-01,2020,9,04,0
2020-10-01,2020,10,04,3
2020-11-01,2020,11,04,87
2020-12-01,2020,12,04,133
2021-01-01,2021,1,04,78
2021-02-01,2021,2,04,46
2021-03-01,2021,3,04,63
2021-04-01,2021,4,04,42
2021-05-01,2021,5,04,31
2021-06-01,2021,6,04,31
2021-07-01,2021,7,04,24
2021-08-01,2021,8,04,44
2021-09-01,2021,9,04,23
2021-10-01,2021,10,04,73
2021-11-01,2021,11,04,63
2021-12-01,2021,12,04,298
2022-01-01,2022,1,04,195
2022-02-01,2022,2,04,260
2022-03-01,2022,3,04,474
2022-04-01,2022,4,04,553
2022-05-01,2022,5,04,929
2022-06-01,2022,6,04,287
2022-07-01,2022,7,04,71
2022-08-01,2022,8,04,62
2022-09-01,2022,9,04,39
2022-10-01,2022,10,04,97
2022-11-01,2022,11,04,1656
2022-12-01,2022,12,04,2927
2023-01-01,2023,1,04,674
2023-02-01,2023,2,04,218
2023-03-01,2023,3,04,198
2023-04-01,2023,4,04,326
2023-05-01,2023,5,04,425
2020-01-01,2020,1,05,0
2020-03-01,2020,3,05,0
2020-04-01,2020,4,05,0
2020-05-01,2020,5,05,0
2020-06-01,2020,6,05,0
2020-07-01,2020,7,05,0
2020-08-01,2020,8,05,0
2020-09-01,2020,9,05,0
2020-10-01,2020,10,05,14
2020-11-01,2020,11,05,45
2020-12-01,2020,12,05,57
2021-01-01,2021,1,05,96
2021-02-01,2021,2,05,75
2021-03-01,2021,3,05,80
2021-04-01,2021,4,05,85
2021-05-01,2021,5,05,35
2021-06-01,2021,6,05,19
2021-07-01,2021,7,05,12
2021-08-01,2021,8,05,23
2021-09-01,2021,9,05,17
2021-10-01,2021,10,05,25
2021-11-01,2021,11,05,44
2021-12-01,2021,12,05,80
2022-01-01,2022,1,05,124
2022-02-01,2022,2,05,131
2022-03-01,2022,3,05,302
2022-04-01,2022,4,05,219
2022-05-01,2022,5,05,85
2022-06-01,2022,6,05,72
2022-07-01,2022,7,05,48
2022-08-01,2022,8,05,26
2022-09-01,2022,9,05,30
2022-10-01,2022,10,05,236
2022-11-01,2022,11,05,1277
2022-12-01,2022,12,05,1128
2023-01-01,2023,1,05,343
2023-02-01,2023,2,05,118
2023-03-01,2023,3,05,97
2023-04-01,2023,4,05,54
2023-05-01,2023,5,05,42
2020-02-01,2020,2,06,0
2020-03-01,2020,3,06,0
2020-04-01,2020,4,06,0
2020-05-01,2020,5,06,0
2020-06-01,2020,6,06,0
2020-07-01,2020,7,06,0
2020-08-01,2020,8,06,0
2020-09-01,2020,9,06,0
2020-10-01,2020,10,06,40
2020-11-01,2020,11,06,204
2020-12-01,2020,12,06,249
2021-01-01,2021,1,06,211
2021-02-01,2021,2,06,84
2021-03-01,2021,3,06,59
2021-04-01,2021,4,06,48
2021-05-01,2021,5,06,51
2021-06-01,2021,6,06,39
2021-07-01,2021,7,06,41
2021-08-01,2021,8,06,45
2021-09-01,2021,9,06,40
2021-10-01,2021,10,06,57
2021-11-01,2021,11,06,105
2021-12-01,2021,12,06,380
2022-01-01,2022,1,06,291
2022-02-01,2022,2,06,110
2022-03-01,2022,3,06,255
2022-04-01,2022,4,06,608
2022-05-01,2022,5,06,1480
2022-06-01,2022,6,06,1360
2022-07-01,2022,7,06,386
2022-08-01,2022,8,06,159
2022-09-01,2022,9,06,170
2022-10-01,2022,10,06,645
2022-11-01,2022,11,06,7610
2022-12-01,2022,12,06,8021
2023-01-01,2023,1,06,1573
2023-02-01,2023,2,06,334
2023-03-01,2023,3,06,198
2023-04-01,2023,4,06,144
2023-05-01,2023,5,06,133
2020-03-01,2020,3,08,0
2020-04-01,2020,4,08,0
2020-05-01,2020,5,08,0
2020-06-01,2020,6,08,0
2020-07-01,2020,7,08,0
2020-08-01,2020,8,08,0
2020-09-01,2020,9,08,0
2020-10-01,2020,10,08,0
2020-11-01,2020,11,08,17
2020-12-01,2020,12,08,26
2021-01-01,2021,1,08,17
2021-02-01,2021,2,08,4
2021-03-01,2021,3,08,15
2021-04-01,2021,4,08,2
2021-05-01,2021,5,08,12
2021-06-01,2021,6,08,0
2021-07-01,2021,7,08,9
2021-08-01,2021,8,08,14
2021-09-01,2021,9,08,11
2021-10-01,2021,10,08,15
2021-11-01,2021,11,08,19
2021-12-01,2021,12,08,199
2022-01-01,2022,1,08,86
2022-02-01,2022,2,08,102
2022-03-01,2022,3,08,293
2022-04-01,2022,4,08,640
2022-05-01,2022,5,08,667
2022-06-01,2022,6,08,117
2022-07-01,2022,7,08,44
2022-08-01,2022,8,08,33
2022-09-01,2022,9,08,12
2022-10-01,2022,10,08,68
2022-11-01,2022,11,08,444
2022-12-01,2022,12,08,1225
2023-01-01,2023,1,08,308
2023-02-01,2023,2,08,86
2023-03-01,2023,3,08,46
2023-04-01,2023,4,08,49
2023-05-01,2023,5,08,32
2020-03-01,2020,3,09,0
2020-04-01,2020,4,09,0
2020-05-01,2020,5,09,0
2020-06-01,2020,6,09,0
2020-07-01,2020,7,09,0
2020-08-01,2020,8,09,0
2020-09-01,2020,9,09,0
2020-10-01,2020,10,09,0
2020-11-01,2020,11,09,3
2020-12-01,2020,12,09,6
2021-01-01,2021,1,09,2
2021-02-01,2021,2,09,0
2021-03-01,2021,3,09,0
2021-04-01,2021,4,09,0
2021-05-01,2021,5,09,1
2021-06-01,2021,6,09,0
2021-07-01,2021,7,09,1
2021-08-01,2021,8,09,0
2021-09-01,2021,9,09,0
2021-10-01,2021,10,09,0
2021-11-01,2021,11,09,12
2021-12-01,2021,12,09,84
2022-01-01,2022,1,09,26
2022-02-01,2022,2,09,12
2022-03-01,2022,3,09,73
2022-04-01,2022,4,09,213
2022-05-01,2022,5,09,260
2022-06-01,2022,6,09,73
2022-07-01,2022,7,09,20
2022-08-01,2022,8,09,17
2022-09-01,2022,9,09,13
2022-10-01,2022,10,09,65
2022-11-01,2022,11,09,689
2022-12-01,2022,12,09,1424
2023-01-01,2023,1,09,301
2023-02-01,2023,2,09,61
2023-03-01,2023,3,09,56
2023-04-01,2023,4,09,52
2023-05-01,2023,5,09,36
2020-03-01,2020,3,10,0
2020-04-01,2020,4,10,0
2020-05-01,2020,5,10,0
2020-06-01,2020,6,10,0
2020-07-01,2020,7,10,0
2020-08-01,2020,8,10,0
2020-09-01,2020,9,10,0
2020-10-01,2020,10,10,0
2020-11-01,2020,11,10,0
2020-12-01,2020,12,10,10
2021-01-01,2021,1,10,3
2021-02-01,2021,2,10,0
2021-03-01,2021,3,10,0
2021-04-01,2021,4,10,2
2021-05-01,2021,5,10,0
2021-06-01,2021,6,10,0
2021-07-01,2021,7,10,1
2021-08-01,2021,8,10,3
2021-09-01,2021,9,10,2
2021-10-01,2021,10,10,6
2021-11-01,2021,11,10,18
2021-12-01,2021,12,10,51
2022-01-01,2022,1,10,25
2022-02-01,2022,2,10,6
2022-03-01,2022,3,10,23
2022-04-01,2022,4,10,81
2022-05-01,2022,5,10,21
2022-06-01,2022,6,10,18
2022-07-01,2022,7,10,4
2022-08-01,2022,8,10,6
2022-09-01,2022,9,10,2
2022-10-01,2022,10,10,7
2022-11-01,2022,11,10,175
2022-12-01,2022,12,10,159
2023-01-01,2023,1,10,68
2023-02-01,2023,2,10,13
2023-03-01,2023,3,10,8
2023-04-01,2023,4,10,1
2023-05-01,2023,5,10,4
2020-03-01,2020,3,12,0
2020-04-01,2020,4,12,0
2020-05-01,2020,5,12,0
2020-06-01,2020,6,12,0
2020-07-01,2020,7,12,0
2020-08-01,2020,8,12,0
2020-09-01,2020,9,12,0
2020-10-01,2020,10,12,49
2020-11-01,2020,11,12,164
2020-12-01,2020,12,12,226
2021-01-01,2021,1,12,235
2021-02-01,2021,2,12,237
2021-03-01,2021,3,12,291
2021-04-01,2021,4,12,226
2021-05-01,2021,5,12,185
2021-06-01,2021,6,12,110
2021-07-01,2021,7,12,172
2021-08-01,2021,8,12,161
2021-09-01,2021,9,12,127
2021-10-01,2021,10,12,170
2021-11-01,2021,11,12,306
2021-12-01,2021,12,12,472
2022-01-01,2022,1,12,385
2022-02-01,2022,2,12,286
2022-03-01,2022,3,12,378
2022-04-01,2022,4,12,630
2022-05-01,2022,5,12,1762
2022-06-01,2022,6,12,1894
2022-07-01,2022,7,12,546
2022-08-01,2022,8,12,354
2022-09-01,2022,9,12,308
2022-10-01,2022,10,12,685
2022-11-01,2022,11,12,2569
2022-12-01,2022,12,12,4315
2023-01-01,2023,1,12,3079
2023-02-01,2023,2,12,993
2023-03-01,2023,3,12,788
2023-04-01,2023,4,12,632
2023-05-01,2023,5,12,597
2020-02-01,2020,2,13,0
2020-03-01,2020,3,13,0
2020-04-01,2020,4,13,0
2020-05-01,2020,5,13,0
2020-06-01,2020,6,13,0
2020-07-01,2020,7,13,0
2020-08-01,2020,8,13,0
2020-09-01,2020,9,13,0
2020-10-01,2020,10,13,21
2020-11-01,2020,11,13,67
2020-12-01,2020,12,13,82
2021-01-01,2021,1,13,112
2021-02-01,2021,2,13,90
2021-03-01,2021,3,13,95
2021-04-01,2021,4,13,68
2021-05-01,2021,5,13,52
2021-06-01,2021,6,13,25
2021-07-01,2021,7,13,37
2021-08-01,2021,8,13,65
2021-09-01,2021,9,13,97
2021-10-01,2021,10,13,68
2021-11-01,2021,11,13,110
2021-12-01,2021,12,13,233
2022-01-01,2022,1,13,171
2022-02-01,2022,2,13,162
2022-03-01,2022,3,13,160
2022-04-01,2022,4,13,166
2022-05-01,2022,5,13,231
2022-06-01,2022,6,13,157
2022-07-01,2022,7,13,118
2022-08-01,2022,8,13,88
2022-09-01,2022,9,13,172
2022-10-01,2022,10,13,570
2022-11-01,2022,11,13,1014
2022-12-01,2022,12,13,748
2023-01-01,2023,1,13,444
2023-02-01,2023,2,13,301
2023-03-01,2023,3,13,240
2023-04-01,2023,4,13,178
2023-05-01,2023,5,13,172
2020-01-01,2020,1,15,0
2020-02-01,2020,2,15,0
2020-03-01,2020,3,15,0
2020-04-01,2020,4,15,0
2020-05-01,2020,5,15,0
2020-06-01,2020,6,15,0
2020-07-01,2020,7,15,0
2020-08-01,2020,8,15,0
2020-09-01,2020,9,15,0
2020-10-01,2020,10,15,0
2020-11-01,2020,11,15,1
2020-12-01,2020,12,15,0
2021-01-01,2021,1,15,0
2021-02-01,2021,2,15,0
2021-03-01,2021,3,15,0
2021-04-01,2021,4,15,0
2021-05-01,2021,5,15,0
2021-06-01,2021,6,15,0
2021-07-01,2021,7,15,3
2021-08-01,2021,8,15,3
2021-09-01,2021,9,15,1
2021-10-01,2021,10,15,0
2021-11-01,2021,11,15,1
2021-12-01,2021,12,15,1
2022-01-01,2022,1,15,0
2022-02-01,2022,2,15,0
2022-03-01,2022,3,15,2
2022-04-01,2022,4,15,24
2022-05-01,2022,5,15,27
2022-06-01,2022,6,15,16
2022-07-01,2022,7,15,7
2022-08-01,2022,8,15,7
2022-09-01,2022,9,15,11
2022-10-01,2022,10,15,23
2022-11-01,2022,11,15,58
2022-12-01,2022,12,15,94
2023-01-01,2023,1,15,33
2023-02-01,2023,2,15,23
2023-03-01,2023,3,15,15
2023-04-01,2023,4,15,7
2023-05-01,2023,5,15,7
2020-03-01,2020,3,16,0
2020-04-01,2020,4,16,0
2020-05-01,2020,5,16,0
2020-06-01,2020,6,16,0
2020-07-01,2020,7,16,0
2020-08-01,2020,8,16,0
2020-09-01,2020,9,16,0
2020-10-01,2020,10,16,1
2020-11-01,2020,11,16,2
2020-12-01,2020,12,16,8
2021-01-01,2021,1,16,6
2021-02-01,2021,2,16,0
2021-03-01,2021,3,16,4
2021-04-01,2021,4,16,6
2021-05-01,2021,5,16,0
2021-06-01,2021,6,16,2
2021-07-01,2021,7,16,0
2021-08-01,2021,8,16,2
2021-09-01,2021,9,16,2
2021-10-01,2021,10,16,0
2021-11-01,2021,11,16,7
2021-12-01,2021,12,16,10
2022-01-01,2022,1,16,14
2022-02-01,2022,2,16,7
2022-03-01,2022,3,16,63
2022-04-01,2022,4,16,71
2022-05-01,2022,5,16,55
2022-06-01,2022,6,16,24
2022-07-01,2022,7,16,10
2022-08-01,2022,8,16,7
2022-09-01,2022,9,16,7
2022-10-01,2022,10,16,8
2022-11-01,2022,11,16,373
2022-12-01,2022,12,16,955
2023-01-01,2023,1,16,192
2023-02-01,2023,2,16,17
2023-03-01,2023,3,16,18
2023-04-01,2023,4,16,17
2023-05-01,2023,5,16,17
2020-02-01,2020,2,17,0
2020-03-01,2020,3,17,0
2020-04-01,2020,4,17,0
2020-05-01,2020,5,17,0
2020-06-01,2020,6,17,0
2020-07-01,2020,7,17,0
2020-08-01,2020,8,17,0
2020-09-01,2020,9,17,0
2020-10-01,2020,10,17,6
2020-11-01,2020,11,17,30
2020-12-01,2020,12,17,22
2021-01-01,2021,1,17,38
2021-02-01,2021,2,17,22
2021-03-01,2021,3,17,13
2021-04-01,2021,4,17,37
2021-05-01,2021,5,17,13
2021-06-01,2021,6,17,14
2021-07-01,2021,7,17,32
2021-08-01,2021,8,17,17
2021-09-01,2021,9,17,7
2021-10-01,2021,10,17,12
2021-11-01,2021,11,17,32
2021-12-01,2021,12,17,136
2022-01-01,2022,1,17,99
2022-02-01,2022,2,17,78
2022-03-01,2022,3,17,299
2022-04-01,2022,4,17,457
2022-05-01,2022,5,17,409
2022-06-01,2022,6,17,82
2022-07-01,2022,7,17,43
2022-08-01,2022,8,17,60
2022-09-01,2022,9,17,35
2022-10-01,2022,10,17,225
2022-11-01,2022,11,17,2489
2022-12-01,2022,12,17,3275
2023-01-01,2023,1,17,695
2023-02-01,2023,2,17,120
2023-03-01,2023,3,17,97
2023-04-01,2023,4,17,110
2023-05-01,2023,5,17,109
2020-01-01,2020,1,18,0
2020-02-01,2020,2,18,0
2020-03-01,2020,3,18,0
2020-04-01,2020,4,18,0
2020-05-01,2020,5,18,0
2020-06-01,2020,6,18,0
2020-07-01,2020,7,18,0
2020-08-01,2020,8,18,0
2020-09-01,2020,9,18,0
2020-10-01,2020,10,18,0
2020-11-01,2020,11,18,29
2020-12-01,2020,12,18,44
2021-01-01,2021,1,18,42
2021-02-01,2021,2,18,35
2021-03-01,2021,3,18,36
2021-04-01,2021,4,18,104
2021-05-01,2021,5,18,19
2021-06-01,2021,6,18,28
2021-07-01,2021,7,18,61
2021-08-01,2021,8,18,118
2021-09-01,2021,9,18,73
2021-10-01,2021,10,18,54
2021-11-01,2021,11,18,65
2021-12-01,2021,12,18,323
2022-01-01,2022,1,18,188
2022-02-01,2022,2,18,178
2022-03-01,2022,3,18,488
2022-04-01,2022,4,18,369
2022-05-01,2022,5,18,181
2022-06-01,2022,6,18,79
2022-07-01,2022,7,18,54
2022-08-01,2022,8,18,51
2022-09-01,2022,9,18,131
2022-10-01,2022,10,18,319
2022-11-01,2022,11,18,1536
2022-12-01,2022,12,18,3013
2023-01-01,2023,1,18,672
2023-02-01,2023,2,18,154
2023-03-01,2023,3,18,149
2023-04-01,2023,4,18,67
2023-05-01,2023,5,18,87
2020-02-01,2020,2,19,0
2020-03-01,2020,3,19,0
2020-04-01,2020,4,19,0
2020-05-01,2020,5,19,0
2020-06-01,2020,6,19,0
2020-07-01,2020,7,19,0
2020-08-01,2020,8,19,0
2020-09-01,2020,9,19,0
2020-10-01,2020,10,19,3
2020-11-01,2020,11,19,37
2020-12-01,2020,12,19,22
2021-01-01,2021,1,19,14
2021-02-01,2021,2,19,6
2021-03-01,2021,3,19,13
2021-04-01,2021,4,19,20
2021-05-01,2021,5,19,4
2021-06-01,2021,6,19,1
2021-07-01,2021,7,19,0
2021-08-01,2021,8,19,5
2021-09-01,2021,9,19,10
2021-10-01,2021,10,19,0
2021-11-01,2021,11,19,5
2021-12-01,2021,12,19,22
2022-01-01,2022,1,19,49
2022-02-01,2022,2,19,194
2022-03-01,2022,3,19,205
2022-04-01,2022,4,19,98
2022-05-01,2022,5,19,56
2022-06-01,2022,6,19,27
2022-07-01,2022,7,19,6
2022-08-01,2022,8,19,10
2022-09-01,2022,9,19,12
2022-10-01,2022,10,19,49
2022-11-01,2022,11,19,328
2022-12-01,2022,12,19,1300
2023-01-01,2023,1,19,381
2023-02-01,2023,2,19,42
2023-03-01,2023,3,19,32
2023-04-01,2023,4,19,20
2023-05-01,2023,5,19,16
2020-01-01,2020,1,20,0
2020-02-01,2020,2,20,0
2020-03-01,2020,3,20,0
2020-04-01,2020,4,20,0
2020-05-01,2020,5,20,0
2020-06-01,2020,6,20,0
2020-07-01,2020,7,20,0
2020-08-01,2020,8,20,0
2020-09-01,2020,9,20,0
2020-10-01,2020,10,20,14
2020-11-01,2020,11,20,18
2020-12-01,2020,12,20,45
2021-01-01,2021,1,20,40
2021-02-01,2021,2,20,19
2021-03-01,2021,3,20,30
2021-04-01,2021,4,20,31
2021-05-01,2021,5,20,17
2021-06-01,2021,6,20,5
2021-07-01,2021,7,20,14
2021-08-01,2021,8,20,10
2021-09-01,2021,9,20,10
2021-10-01,2021,10,20,35
2021-11-01,2021,11,20,20
2021-12-01,2021,12,20,75
2022-01-01,2022,1,20,115
2022-02-01,2022,2,20,103
2022-03-01,2022,3,20,160
2022-04-01,2022,4,20,114
2022-05-01,2022,5,20,37
2022-06-01,2022,6,20,12
2022-07-01,2022,7,20,14
2022-08-01,2022,8,20,10
2022-09-01,2022,9,20,5
2022-10-01,2022,10,20,60
2022-11-01,2022,11,20,504
2022-12-01,2022,12,20,966
2023-01-01,2023,1,20,228
2023-02-01,2023,2,20,36
2023-03-01,2023,3,20,29
2023-04-01,2023,4,20,18
2023-05-01,2023,5,20,12
2020-02-01,2020,2,21,0
2020-03-01,2020,3,21,0
2020-04-01,2020,4,21,0
2020-05-01,2020,5,21,0
2020-06-01,2020,6,21,0
2020-07-01,2020,7,21,0
2020-08-01,2020,8,21,0
2020-09-01,2020,9,21,0
2020-10-01,2020,10,21,18
2020-11-01,2020,11,21,53
2020-12-01,2020,12,21,101
2021-01-01,2021,1,21,47
2021-02-01,2021,2,21,53
2021-03-01,2021,3,21,37
2021-04-01,2021,4,21,14
2021-05-01,2021,5,21,21
2021-06-01,2021,6,21,7
2021-07-01,2021,7,21,14
2021-08-01,2021,8,21,20
2021-09-01,2021,9,21,17
2021-10-01,2021,10,21,23
2021-11-01,2021,11,21,32
2021-12-01,2021,12,21,40
2022-01-01,2022,1,21,74
2022-02-01,2022,2,21,78
2022-03-01,2022,3,21,174
2022-04-01,2022,4,21,380
2022-05-01,2022,5,21,183
2022-06-01,2022,6,21,66
2022-07-01,2022,7,21,27
2022-08-01,2022,8,21,31
2022-09-01,2022,9,21,38
2022-10-01,2022,10,21,147
2022-11-01,2022,11,21,1761
2022-12-01,2022,12,21,1904
2023-01-01,2023,1,21,251
2023-02-01,2023,2,21,76
2023-03-01,2023,3,21,77
2023-04-01,2023,4,21,54
2023-05-01,2023,5,21,50
2020-01-01,2020,1,22,0
2020-02-01,2020,2,22,0
2020-03-01,2020,3,22,0
2020-04-01,2020,4,22,0
2020-05-01,2020,5,22,0
2020-06-01,2020,6,22,0
2020-07-01,2020,7,22,0
2020-08-01,2020,8,22,0
2020-09-01,2020,9,22,0
2020-10-01,2020,10,22,0
2020-11-01,2020,11,22,23
2020-12-01,2020,12,22,42
2021-01-01,2021,1,22,27
2021-02-01,2021,2,22,19
2021-03-01,2021,3,22,21
2021-04-01,2021,4,22,18
2021-05-01,2021,5,22,19
2021-06-01,2021,6,22,29
2021-07-01,2021,7,22,41
2021-08-01,2021,8,22,38
2021-09-01,2021,9,22,20
2021-10-01,2021,10,22,31
2021-11-01,2021,11,22,27
2021-12-01,2021,12,22,177
2022-01-01,2022,1,22,67
2022-02-01,2022,2,22,119
2022-03-01,2022,3,22,182
2022-04-01,2022,4,22,138
2022-05-01,2022,5,22,79
2022-06-01,2022,6,22,54
2022-07-01,2022,7,22,28
2022-08-01,2022,8,22,30
2022-09-01,2022,9,22,96
2022-10-01,2022,10,22,453
2022-11-01,2022,11,22,888
2022-12-01,2022,12,22,850
2023-01-01,2023,1,22,365
2023-02-01,2023,2,22,132
2023-03-01,2023,3,22,106
2023-04-01,2023,4,22,80
2023-05-01,2023,5,22,62
2020-02-01,2020,2,23,0
2020-03-01,2020,3,23,0
2020-04-01,2020,4,23,0
2020-05-01,2020,5,23,0
2020-06-01,2020,6,23,0
2020-07-01,2020,7,23,0
2020-08-01,2020,8,23,0
2020-09-01,2020,9,23,0
2020-10-01,2020,10,23,0
2020-11-01,2020,11,23,0
2020-12-01,2020,12,23,1
2021-01-01,2021,1,23,0
2021-02-01,2021,2,23,2
2021-03-01,2021,3,23,3
2021-04-01,2021,4,23,5
2021-05-01,2021,5,23,1
2021-06-01,2021,6,23,0
2021-07-01,2021,7,23,0
2021-08-01,2021,8,23,0
2021-09-01,2021,9,23,0
2021-10-01,2021,10,23,1
2021-11-01,2021,11,23,5
2021-12-01,2021,12,23,9
2022-01-01,2022,1,23,7
2022-02-01,2022,2,23,15
2022-03-01,2022,3,23,16
2022-04-01,2022,4,23,79
2022-05-01,2022,5,23,103
2022-06-01,2022,6,23,32
2022-07-01,2022,7,23,3
2022-08-01,2022,8,23,2
2022-09-01,2022,9,23,0
2022-10-01,2022,10,23,4
2022-11-01,2022,11,23,124
2022-12-01,2022,12,23,762
2023-01-01,2023,1,23,206
2023-02-01,2023,2,23,19
2023-03-01,2023,3,23,12
2023-04-01,2023,4,23,8
2023-05-01,2023,5,23,16
2020-02-01,2020,2,24,0
2020-03-01,2020,3,24,0
2020-04-01,2020,4,24,0
2020-05-01,2020,5,24,0
2020-06-01,2020,6,24,0
2020-07-01,2020,7,24,0
2020-08-01,2020,8,24,0
2020-09-01,2020,9,24,0
2020-10-01,2020,10,24,1
2020-11-01,2020,11,24,12
2020-12-01,2020,12,24,13
2021-01-01,2021,1,24,26
2021-02-01,2021,2,24,18
2021-03-01,2021,3,24,6
2021-04-01,2021,4,24,3
2021-05-01,2021,5,24,8
2021-06-01,2021,6,24,16
2021-07-01,2021,7,24,3
2021-08-01,2021,8,24,2
2021-09-01,2021,9,24,6
2021-10-01,2021,10,24,21
2021-11-01,2021,11,24,20
2021-12-01,2021,12,24,86
2022-01-01,2022,1,24,44
2022-02-01,2022,2,24,55
2022-03-01,2022,3,24,111
2022-04-01,2022,4,24,214
2022-05-01,2022,5,24,193
2022-06-01,2022,6,24,85
2022-07-01,2022,7,24,35
2022-08-01,2022,8,24,21
2022-09-01,2022,9,24,22
2022-10-01,2022,10,24,248
2022-11-01,2022,11,24,1143
2022-12-01,2022,12,24,1204
2023-01-01,2023,1,24,384
2023-02-01,2023,2,24,126
2023-03-01,2023,3,24,64
2023-04-01,2023,4,24,48
2023-05-01,2023,5,24,34
2020-03-01,2020,3,25,0
2020-04-01,2020,4,25,0
2020-05-01,2020,5,25,0
2020-06-01,2020,6,25,0
2020-07-01,2020,7,25,0
2020-08-01,2020,8,25,0
2020-09-01,2020,9,25,0
2020-10-01,2020,10,25,5
2020-11-01,2020,11,25,9
2020-12-01,2020,12,25,16
2021-01-01,2021,1,25,11
2021-02-01,2021,2,25,8
2021-03-01,2021,3,25,14
2021-04-01,2021,4,25,11
2021-05-01,2021,5,25,2
2021-06-01,2021,6,25,1
2021-07-01,2021,7,25,9
2021-08-01,2021,8,25,16
2021-09-01,2021,9,25,7
2021-10-01,2021,10,25,27
2021-11-01,2021,11,25,44
2021-12-01,2021,12,25,156
2022-01-01,2022,1,25,220
2022-02-01,2022,2,25,148
2022-03-01,2022,3,25,196
2022-04-01,2022,4,25,731
2022-05-01,2022,5,25,611
2022-06-01,2022,6,25,109
2022-07-01,2022,7,25,48
2022-08-01,2022,8,25,38
2022-09-01,2022,9,25,18
2022-10-01,2022,10,25,41
2022-11-01,2022,11,25,611
2022-12-01,2022,12,25,2979
2023-01-01,2023,1,25,926
2023-02-01,2023,2,25,148
2023-03-01,2023,3,25,76
2023-04-01,2023,4,25,40
2023-05-01,2023,5,25,47
2020-02-01,2020,2,26,0
2020-03-01,2020,3,26,0
2020-04-01,2020,4,26,0
2020-05-01,2020,5,26,0
2020-06-01,2020,6,26,0
2020-07-01,2020,7,26,0
2020-08-01,2020,8,26,0
2020-09-01,2020,9,26,0
2020-10-01,2020,10,26,20
2020-11-01,2020,11,26,45
2020-12-01,2020,12,26,35
2021-01-01,2021,1,26,24
2021-02-01,2021,2,26,6
2021-03-01,2021,3,26,6
2021-04-01,2021,4,26,35
2021-05-01,2021,5,26,7
2021-06-01,2021,6,26,0
2021-07-01,2021,7,26,1
2021-08-01,2021,8,26,8
2021-09-01,2021,9,26,9
2021-10-01,2021,10,26,12
2021-11-01,2021,11,26,49
2021-12-01,2021,12,26,292
2022-01-01,2022,1,26,182
2022-02-01,2022,2,26,196
2022-03-01,2022,3,26,528
2022-04-01,2022,4,26,654
2022-05-01,2022,5,26,618
2022-06-01,2022,6,26,101
2022-07-01,2022,7,26,32
2022-08-01,2022,8,26,8
2022-09-01,2022,9,26,22
2022-10-01,2022,10,26,105
2022-11-01,2022,11,26,933
2022-12-01,2022,12,26,4040
2023-01-01,2023,1,26,1202
2023-02-01,2023,2,26,236
2023-03-01,2023,3,26,131
2023-04-01,2023,4,26,63
2023-05-01,2023,5,26,69
2020-01-01,2020,1,27,0
2020-02-01,2020,2,27,0
2020-03-01,2020,3,27,0
2020-04-01,2020,4,27,0
2020-05-01,2020,5,27,0
2020-06-01,2020,6,27,0
2020-07-01,2020,7,27,0
2020-08-01,2020,8,27,0
2020-09-01,2020,9,27,0
2020-10-01,2020,10,27,0
2020-11-01,2020,11,27,41
2020-12-01,2020,12,27,1
2021-01-01,2021,1,27,14
2021-02-01,2021,2,27,16
2021-03-01,2021,3,27,23
2021-04-01,2021,4,27,3
2021-05-01,2021,5,27,1
2021-06-01,2021,6,27,1
2021-07-01,2021,7,27,0
2021-08-01,2021,8,27,2
2021-09-01,2021,9,27,4
2021-10-01,2021,10,27,6
2021-11-01,2021,11,27,12
2021-12-01,2021,12,27,253
2022-01-01,2022,1,27,241
2022-02-01,2022,2,27,94
2022-03-01,2022,3,27,144
2022-04-01,2022,4,27,130
2022-05-01,2022,5,27,72
2022-06-01,2022,6,27,18
2022-07-01,2022,7,27,10
2022-08-01,2022,8,27,9
2022-09-01,2022,9,27,5
2022-10-01,2022,10,27,91
2022-11-01,2022,11,27,1166
2022-12-01,2022,12,27,1067
2023-01-01,2023,1,27,173
2023-02-01,2023,2,27,31
2023-03-01,2023,3,27,31
2023-04-01,2023,4,27,47
2023-05-01,2023,5,27,42
2020-02-01,2020,2,28,0
2020-03-01,2020,3,28,0
2020-04-01,2020,4,28,0
2020-05-01,2020,5,28,0
2020-06-01,2020,6,28,0
2020-07-01,2020,7,28,0
2020-08-01,2020,8,28,0
2020-09-01,2020,9,28,0
2020-10-01,2020,10,28,13
2020-11-01,2020,11,28,46
2020-12-01,2020,12,28,51
2021-01-01,2021,1,28,98
2021-02-01,2021,2,28,42
2021-03-01,2021,3,28,47
2021-04-01,2021,4,28,34
2021-05-01,2021,5,28,52
2021-06-01,2021,6,28,42
2021-07-01,2021,7,28,18
2021-08-01,2021,8,28,37
2021-09-01,2021,9,28,20
2021-10-01,2021,10,28,27
2021-11-01,2021,11,28,57
2021-12-01,2021,12,28,115
2022-01-01,2022,1,28,113
2022-02-01,2022,2,28,109
2022-03-01,2022,3,28,144
2022-04-01,2022,4,28,108
2022-05-01,2022,5,28,112
2022-06-01,2022,6,28,73
2022-07-01,2022,7,28,90
2022-08-01,2022,8,28,75
2022-09-01,2022,9,28,109
2022-10-01,2022,10,28,462
2022-11-01,2022,11,28,1131
2022-12-01,2022,12,28,607
2023-01-01,2023,1,28,235
2023-02-01,2023,2,28,106
2023-03-01,2023,3,28,109
2023-04-01,2023,4,28,96
2023-05-01,2023,5,28,92
2020-02-01,2020,2,29,0
2020-03-01,2020,3,29,0
2020-04-01,2020,4,29,0
2020-05-01,2020,5,29,0
2020-06-01,2020,6,29,0
2020-07-01,2020,7,29,0
2020-08-01,2020,8,29,0
2020-09-01,2020,9,29,0
2020-10-01,2020,10,29,10
2020-11-01,2020,11,29,52
2020-12-01,2020,12,29,47
2021-01-01,2021,1,29,58
2021-02-01,2021,2,29,53
2021-03-01,2021,3,29,22
2021-04-01,2021,4,29,41
2021-05-01,2021,5,29,14
2021-06-01,2021,6,29,20
2021-07-01,2021,7,29,14
2021-08-01,2021,8,29,15
2021-09-01,2021,9,29,13
2021-10-01,2021,10,29,22
2021-11-01,2021,11,29,49
2021-12-01,2021,12,29,308
2022-01-01,2022,1,29,281
2022-02-01,2022,2,29,221
2022-03-01,2022,3,29,376
2022-04-01,2022,4,29,311
2022-05-01,2022,5,29,178
2022-06-01,2022,6,29,91
2022-07-01,2022,7,29,67
2022-08-01,2022,8,29,59
2022-09-01,2022,9,29,33
2022-10-01,2022,10,29,115
2022-11-01,2022,11,29,1472
2022-12-01,2022,12,29,3096
2023-01-01,2023,1,29,734
2023-02-01,2023,2,29,159
2023-03-01,2023,3,29,139
2023-04-01,2023,4,29,98
2023-05-01,2023,5,29,78
2020-01-01,2020,1,30,0
2020-02-01,2020,2,30,0
2020-03-01,2020,3,30,0
2020-04-01,2020,4,30,0
2020-05-01,2020,5,30,0
2020-06-01,2020,6,30,0
2020-07-01,2020,7,30,0
2020-08-01,2020,8,30,0
2020-09-01,2020,9,30,0
2020-10-01,2020,10,30,1
2020-11-01,2020,11,30,3
2020-12-01,2020,12,30,2
2021-01-01,2021,1,30,0
2021-02-01,2021,2,30,1
2021-03-01,2021,3,30,0
2021-04-01,2021,4,30,2
2021-05-01,2021,5,30,0
2021-06-01,2021,6,30,1
2021-07-01,2021,7,30,0
2021-08-01,2021,8,30,0
2021-09-01,2021,9,30,8
2021-10-01,2021,10,30,0
2021-11-01,2021,11,30,0
2021-12-01,2021,12,30,24
2022-01-01,2022,1,30,53
2022-02-01,2022,2,30,52
2022-03-01,2022,3,30,97
2022-04-01,2022,4,30,77
2022-05-01,2022,5,30,66
2022-06-01,2022,6,30,24
2022-07-01,2022,7,30,4
2022-08-01,2022,8,30,1
2022-09-01,2022,9,30,3
2022-10-01,2022,10,30,6
2022-11-01,2022,11,30,120
2022-12-01,2022,12,30,379
2023-01-01,2023,1,30,120
2023-02-01,2023,2,30,20
2023-03-01,2023,3,30,10
2023-04-01,2023,4,30,2
2023-05-01,2023,5,30,5
2020-02-01,2020,2,31,0
2020-03-01,2020,3,31,0
2020-04-01,2020,4,31,0
2020-05-01,2020,5,31,0
2020-06-01,2020,6,31,0
2020-07-01,2020,7,31,0
2020-08-01,2020,8,31,0
2020-09-01,2020,9,31,0
2020-10-01,2020,10,31,0
2020-11-01,2020,11,31,4
2020-12-01,2020,12,31,7
2021-01-01,2021,1,31,6
2021-02-01,2021,2,31,13
2021-03-01,2021,3,31,6
2021-04-01,2021,4,31,0
2021-05-01,2021,5,31,3
2021-06-01,2021,6,31,0
2021-07-01,2021,7,31,0
2021-08-01,2021,8,31,1
2021-09-01,2021,9,31,3
2021-10-01,2021,10,31,1
2021-11-01,2021,11,31,11
2021-12-01,2021,12,31,114
2022-01-01,2022,1,31,121
2022-02-01,2022,2,31,130
2022-03-01,2022,3,31,226
2022-04-01,2022,4,31,99
2022-05-01,2022,5,31,23
2022-06-01,2022,6,31,24
2022-07-01,2022,7,31,21
2022-08-01,2022,8,31,24
2022-09-01,2022,9,31,32
2022-10-01,2022,10,31,64
2022-11-01,2022,11,31,215
2022-12-01,2022,12,31,613
2023-01-01,2023,1,31,230
2023-02-01,2023,2,31,24
2023-03-01,2023,3,31,46
2023-04-01,2023,4,31,21
2023-05-01,2023,5,31,16
2020-01-01,2020,1,32,5
2020-02-01,2020,2,32,0
2020-03-01,2020,3,32,0
2020-04-01,2020,4,32,0
2020-05-01,2020,5,32,0
2020-06-01,2020,6,32,0
2020-07-01,2020,7,32,0
2020-08-01,2020,8,32,0
2020-09-01,2020,9,32,0
2020-10-01,2020,10,32,57
2020-11-01,2020,11,32,20
2020-12-01,2020,12,32,37
2021-01-01,2021,1,32,25
2021-02-01,2021,2,32,15
2021-03-01,2021,3,32,21
2021-04-01,2021,4,32,18
2021-05-01,2021,5,32,4
2021-06-01,2021,6,32,12
2021-07-01,2021,7,32,7
2021-08-01,2021,8,32,11
2021-09-01,2021,9,32,6
2021-10-01,2021,10,32,23
2021-11-01,2021,11,32,29
2021-12-01,2021,12,32,28
2022-01-01,2022,1,32,35
2022-02-01,2022,2,32,34
2022-03-01,2022,3,32,162
2022-04-01,2022,4,32,313
2022-05-01,2022,5,32,318
2022-06-01,2022,6,32,214
2022-07-01,2022,7,32,49
2022-08-01,2022,8,32,14
2022-09-01,2022,9,32,37
2022-10-01,2022,10,32,78
2022-11-01,2022,11,32,756
2022-12-01,2022,12,32,1152
2023-01-01,2023,1,32,172
2023-02-01,2023,2,32,27
2023-03-01,2023,3,32,24
2023-04-01,2023,4,32,18
2023-05-01,2023,5,32,20
2020-03-01,2020,3,33,0
2020-04-01,2020,4,33,0
2020-05-01,2020,5,33,0
2020-06-01,2020,6,33,0
2020-07-01,2020,7,33,0
2020-08-01,2020,8,33,0
2020-09-01,2020,9,33,0
2020-10-01,2020,10,33,0
2020-11-01,2020,11,33,2
2020-12-01,2020,12,33,5
2021-01-01,2021,1,33,6
2021-02-01,2021,2,33,2
2021-03-01,2021,3,33,1
2021-04-01,2021,4,33,3
2021-05-01,2021,5,33,3
2021-06-01,2021,6,33,5
2021-07-01,2021,7,33,0
2021-08-01,2021,8,33,1
2021-09-01,2021,9,33,2
2021-10-01,2021,10,33,6
2021-11-01,2021,11,33,5
2021-12-01,2021,12,33,28
2022-01-01,2022,1,33,20
2022-02-01,2022,2,33,23
2022-03-01,2022,3,33,43
2022-04-01,2022,4,33,100
2022-05-01,2022,5,33,72
2022-06-01,2022,6,33,9
2022-07-01,2022,7,33,7
2022-08-01,2022,8,33,2
2022-09-01,2022,9,33,5
2022-10-01,2022,10,33,1
2022-11-01,2022,11,33,52
2022-12-01,2022,12,33,433
2023-01-01,2023,1,33,185
2023-02-01,2023,2,33,15
2023-03-01,2023,3,33,33
2023-04-01,2023,4,33,10
2023-05-01,2023,5,33,9
2020-02-01,2020,2,34,0
2020-03-01,2020,3,34,0
2020-04-01,2020,4,34,0
2020-05-01,2020,5,34,0
2020-06-01,2020,6,34,0
2020-07-01,2020,7,34,0
2020-08-01,2020,8,34,0
2020-09-01,2020,9,34,0
2020-10-01,2020,10,34,11
2020-11-01,2020,11,34,25
2020-12-01,2020,12,34,53
2021-01-01,2021,1,34,53
2021-02-01,2021,2,34,48
2021-03-01,2021,3,34,44
2021-04-01,2021,4,34,44
2021-05-01,2021,5,34,44
2021-06-01,2021,6,34,36
2021-07-01,2021,7,34,28
2021-08-01,2021,8,34,23
2021-09-01,2021,9,34,24
2021-10-01,2021,10,34,27
2021-11-01,2021,11,34,66
2021-12-01,2021,12,34,256
2022-01-01,2022,1,34,127
2022-02-01,2022,2,34,124
2022-03-01,2022,3,34,244
2022-04-01,2022,4,34,575
2022-05-01,2022,5,34,403
2022-06-01,2022,6,34,160
2022-07-01,2022,7,34,60
2022-08-01,2022,8,34,58
2022-09-01,2022,9,34,58
2022-10-01,2022,10,34,208
2022-11-01,2022,11,34,1901
2022-12-01,2022,12,34,2714
2023-01-01,2023,1,34,665
2023-02-01,2023,2,34,149
2023-03-01,2023,3,34,139
2023-04-01,2023,4,34,139
2023-05-01,2023,5,34,89
2020-03-01,2020,3,35,0
2020-04-01,2020,4,35,0
2020-05-01,2020,5,35,0
2020-06-01,2020,6,35,0
2020-07-01,2020,7,35,0
2020-08-01,2020,8,35,0
2020-09-01,2020,9,35,0
2020-10-01,2020,10,35,8
2020-11-01,2020,11,35,16
2020-12-01,2020,12,35,13
2021-01-01,2021,1,35,23
2021-02-01,2021,2,35,16
2021-03-01,2021,3,35,1
2021-04-01,2021,4,35,8
2021-05-01,2021,5,35,3
2021-06-01,2021,6,35,19
2021-07-01,2021,7,35,6
2021-08-01,2021,8,35,9
2021-09-01,2021,9,35,7
2021-10-01,2021,10,35,11
2021-11-01,2021,11,35,14
2021-12-01,2021,12,35,16
2022-01-01,2022,1,35,13
2022-02-01,2022,2,35,24
2022-03-01,2022,3,35,104
2022-04-01,2022,4,35,182
2022-05-01,2022,5,35,243
2022-06-01,2022,6,35,96
2022-07-01,2022,7,35,16
2022-08-01,2022,8,35,40
2022-09-01,2022,9,35,38
2022-10-01,2022,10,35,156
2022-11-01,2022,11,35,794
2022-12-01,2022,12,35,1545
2023-01-01,2023,1,35,257
2023-02-01,2023,2,35,38
2023-03-01,2023,3,35,26
2023-04-01,2023,4,35,16
2023-05-01,2023,5,35,10
2020-03-01,2020,3,36,0
2020-04-01,2020,4,36,0
2020-05-01,2020,5,36,0
2020-06-01,2020,6,36,0
2020-07-01,2020,7,36,0
2020-08-01,2020,8,36,0
2020-09-01,2020,9,36,0
2020-10-01,2020,10,36,21
2020-11-01,2020,11,36,70
2020-12-01,2020,12,36,140
2021-01-01,2021,1,36,80
2021-02-01,2021,2,36,73
2021-03-01,2021,3,36,64
2021-04-01,2021,4,36,96
2021-05-01,2021,5,36,65
2021-06-01,2021,6,36,17
2021-07-01,2021,7,36,7
2021-08-01,2021,8,36,33
2021-09-01,2021,9,36,36
2021-10-01,2021,10,36,46
2021-11-01,2021,11,36,93
2021-12-01,2021,12,36,333
2022-01-01,2022,1,36,141
2022-02-01,2022,2,36,131
2022-03-01,2022,3,36,410
2022-04-01,2022,4,36,1059
2022-05-01,2022,5,36,848
2022-06-01,2022,6,36,345
2022-07-01,2022,7,36,109
2022-08-01,2022,8,36,78
2022-09-01,2022,9,36,78
2022-10-01,2022,10,36,301
2022-11-01,2022,11,36,2640
2022-12-01,2022,12,36,6571
2023-01-01,2023,1,36,1661
2023-02-01,2023,2,36,309
2023-03-01,2023,3,36,287
2023-04-01,2023,4,36,250
2023-05-01,2023,5,36,225
2020-01-01,2020,1,37,0
2020-02-01,2020,2,37,0
2020-03-01,2020,3,37,0
2020-04-01,2020,4,37,0
2020-05-01,2020,5,37,0
2020-06-01,2020,6,37,0
2020-07-01,2020,7,37,0
2020-08-01,2020,8,37,0
2020-09-01,2020,9,37,0
2020-10-01,2020,10,37,16
2020-11-01,2020,11,37,43
2020-12-01,2020,12,37,52
2021-01-01,2021,1,37,43
2021-02-01,2021,2,37,36
2021-03-01,2021,3,37,15
2021-04-01,2021,4,37,181
2021-05-01,2021,5,37,68
2021-06-01,2021,6,37,31
2021-07-01,2021,7,37,31
2021-08-01,2021,8,37,38
2021-09-01,2021,9,37,48
2021-10-01,2021,10,37,133
2021-11-01,2021,11,37,72
2021-12-01,2021,12,37,346
2022-01-01,2022,1,37,397
2022-02-01,2022,2,37,134
2022-03-01,2022,3,37,156
2022-04-01,2022,4,37,229
2022-05-01,2022,5,37,192
2022-06-01,2022,6,37,223
2022-07-01,2022,7,37,117
2022-08-01,2022,8,37,47
2022-09-01,2022,9,37,63
2022-10-01,2022,10,37,423
2022-11-01,2022,11,37,1813
2022-12-01,2022,12,37,1503
2023-01-01,2023,1,37,427
2023-02-01,2023,2,37,174
2023-03-01,2023,3,37,102
2023-04-01,2023,4,37,71
2023-05-01,2023,5,37,48
2020-02-01,2020,2,38,0
2020-03-01,2020,3,38,0
2020-04-01,2020,4,38,0
2020-05-01,2020,5,38,0
2020-06-01,2020,6,38,0
2020-07-01,2020,7,38,0
2020-08-01,2020,8,38,0
2020-09-01,2020,9,38,0
2020-10-01,2020,10,38,0
2020-11-01,2020,11,38,8
2020-12-01,2020,12,38,3
2021-01-01,2021,1,38,3
2021-02-01,2021,2,38,0
2021-03-01,2021,3,38,0
2021-04-01,2021,4,38,1
2021-05-01,2021,5,38,2
2021-06-01,2021,6,38,4
2021-07-01,2021,7,38,10
2021-08-01,2021,8,38,11
2021-09-01,2021,9,38,10
2021-10-01,2021,10,38,7
2021-11-01,2021,11,38,13
2021-12-01,2021,12,38,66
2022-01-01,2022,1,38,120
2022-02-01,2022,2,38,20
2022-03-01,2022,3,38,19
2022-04-01,2022,4,38,19
2022-05-01,2022,5,38,6
2022-06-01,2022,6,38,2
2022-07-01,2022,7,38,3
2022-08-01,2022,8,38,5
2022-09-01,2022,9,38,3
2022-10-01,2022,10,38,8
2022-11-01,2022,11,38,80
2022-12-01,2022,12,38,326
2023-01-01,2023,1,38,170
2023-02-01,2023,2,38,42
2023-03-01,2023,3,38,18
2023-04-01,2023,4,38,20
2023-05-01,2023,5,38,17
2020-02-01,2020,2,39,0
2020-03-01,2020,3,39,0
2020-04-01,2020,4,39,0
2020-05-01,2020,5,39,0
2020-06-01,2020,6,39,0
2020-07-01,2020,7,39,0
2020-08-01,2020,8,39,0
2020-09-01,2020,9,39,0
2020-10-01,2020,10,39,3
2020-11-01,2020,11,39,15
2020-12-01,2020,12,39,50
2021-01-01,2021,1,39,41
2021-02-01,2021,2,39,57
2021-03-01,2021,3,39,42
2021-04-01,2021,4,39,18
2021-05-01,2021,5,39,7
2021-06-01,2021,6,39,10
2021-07-01,2021,7,39,13
2021-08-01,2021,8,39,36
2021-09-01,2021,9,39,21
2021-10-01,2021,10,39,45
2021-11-01,2021,11,39,82
2021-12-01,2021,12,39,381
2022-01-01,2022,1,39,242
2022-02-01,2022,2,39,134
2022-03-01,2022,3,39,398
2022-04-01,2022,4,39,526
2022-05-01,2022,5,39,320
2022-06-01,2022,6,39,87
2022-07-01,2022,7,39,38
2022-08-01,2022,8,39,37
2022-09-01,2022,9,39,53
2022-10-01,2022,10,39,247
2022-11-01,2022,11,39,1948
2022-12-01,2022,12,39,3813
2023-01-01,2023,1,39,814
2023-02-01,2023,2,39,156
2023-03-01,2023,3,39,130
2023-04-01,2023,4,39,81
2023-05-01,2023,5,39,65
2020-02-01,2020,2,40,0
2020-03-01,2020,3,40,0
2020-04-01,2020,4,40,0
2020-05-01,2020,5,40,0
2020-06-01,2020,6,40,0
2020-07-01,2020,7,40,0
2020-08-01,2020,8,40,0
2020-09-01,2020,9,40,0
2020-10-01,2020,10,40,22
2020-11-01,2020,11,40,55
2020-12-01,2020,12,40,81
2021-01-01,2021,1,40,49
2021-02-01,2021,2,40,43
2021-03-01,2021,3,40,45
2021-04-01,2021,4,40,31
2021-05-01,2021,5,40,52
2021-06-01,2021,6,40,32
2021-07-01,2021,7,40,46
2021-08-01,2021,8,40,51
2021-09-01,2021,9,40,36
2021-10-01,2021,10,40,56
2021-11-01,2021,11,40,55
2021-12-01,2021,12,40,309
2022-01-01,2022,1,40,317
2022-02-01,2022,2,40,295
2022-03-01,2022,3,40,661
2022-04-01,2022,4,40,379
2022-05-01,2022,5,40,174
2022-06-01,2022,6,40,124
2022-07-01,2022,7,40,69
2022-08-01,2022,8,40,50
2022-09-01,2022,9,40,38
2022-10-01,2022,10,40,132
2022-11-01,2022,11,40,1218
2022-12-01,2022,12,40,3349
2023-01-01,2023,1,40,1022
2023-02-01,2023,2,40,181
2023-03-01,2023,3,40,104
2023-04-01,2023,4,40,82
2023-05-01,2023,5,40,70
2020-02-01,2020,2,41,0
2020-03-01,2020,3,41,0
2020-04-01,2020,4,41,0
2020-05-01,2020,5,41,0
2020-06-01,2020,6,41,0
2020-07-01,2020,7,41,0
2020-08-01,2020,8,41,0
2020-09-01,2020,9,41,0
2020-10-01,2020,10,41,0
2020-11-01,2020,11,41,3
2020-12-01,2020,12,41,2
2021-01-01,2021,1,41,0
2021-02-01,2021,2,41,2
2021-03-01,2021,3,41,0
2021-04-01,2021,4,41,1
2021-05-01,2021,5,41,1
2021-06-01,2021,6,41,2
2021-07-01,2021,7,41,1
2021-08-01,2021,8,41,7
2021-09-01,2021,9,41,6
2021-10-01,2021,10,41,6
2021-11-01,2021,11,41,11
2021-12-01,2021,12,41,22
2022-01-01,2022,1,41,18
2022-02-01,2022,2,41,12
2022-03-01,2022,3,41,59
2022-04-01,2022,4,41,83
2022-05-01,2022,5,41,135
2022-06-01,2022,6,41,58
2022-07-01,2022,7,41,10
2022-08-01,2022,8,41,2
2022-09-01,2022,9,41,4
2022-10-01,2022,10,41,16
2022-11-01,2022,11,41,952
2022-12-01,2022,12,41,2355
2023-01-01,2023,1,41,233
2023-02-01,2023,2,41,21
2023-03-01,2023,3,41,25
2023-04-01,2023,4,41,13
2023-05-01,2023,5,41,10
2020-02-01,2020,2,42,0
2020-03-01,2020,3,42,0
2020-04-01,2020,4,42,0
2020-05-01,2020,5,42,0
2020-06-01,2020,6,42,0
2020-07-01,2020,7,42,0
2020-08-01,2020,8,42,0
2020-09-01,2020,9,42,0
2020-10-01,2020,10,42,14
2020-11-01,2020,11,42,30
2020-12-01,2020,12,42,67
2021-01-01,2021,1,42,92
2021-02-01,2021,2,42,63
2021-03-01,2021,3,42,50
2021-04-01,2021,4,42,51
2021-05-01,2021,5,42,71
2021-06-01,2021,6,42,60
2021-07-01,2021,7,42,52
2021-08-01,2021,8,42,62
2021-09-01,2021,9,42,74
2021-10-01,2021,10,42,115
2021-11-01,2021,11,42,113
2021-12-01,2021,12,42,420
2022-01-01,2022,1,42,264
2022-02-01,2022,2,42,299
2022-03-01,2022,3,42,475
2022-04-01,2022,4,42,838
2022-05-01,2022,5,42,607
2022-06-01,2022,6,42,200
2022-07-01,2022,7,42,145
2022-08-01,2022,8,42,148
2022-09-01,2022,9,42,162
2022-10-01,2022,10,42,493
2022-11-01,2022,11,42,2643
2022-12-01,2022,12,42,4810
2023-01-01,2023,1,42,1791
2023-02-01,2023,2,42,726
2023-03-01,2023,3,42,678
2023-04-01,2023,4,42,307
2023-05-01,2023,5,42,256
2020-03-01,2020,3,44,0
2020-04-01,2020,4,44,0
2020-05-01,2020,5,44,0
2020-06-01,2020,6,44,0
2020-07-01,2020,7,44,0
2020-08-01,2020,8,44,0
2020-09-01,2020,9,44,0
2020-10-01,2020,10,44,6
2020-11-01,2020,11,44,1
2020-12-01,2020,12,44,0
2021-01-01,2021,1,44,0
2021-02-01,2021,2,44,0
2021-03-01,2021,3,44,0
2021-04-01,2021,4,44,0
2021-05-01,2021,5,44,0
2021-06-01,2021,6,44,0
2021-07-01,2021,7,44,0
2021-08-01,2021,8,44,0
2021-09-01,2021,9,44,0
2021-10-01,2021,10,44,3
2021-11-01,2021,11,44,2
2021-12-01,2021,12,44,12
2022-01-01,2022,1,44,6
2022-02-01,2022,2,44,1
2022-03-01,2022,3,44,6
2022-04-01,2022,4,44,30
2022-05-01,2022,5,44,29
2022-06-01,2022,6,44,8
2022-07-01,2022,7,44,1
2022-08-01,2022,8,44,0
2022-09-01,2022,9,44,1
2022-10-01,2022,10,44,4
2022-11-01,2022,11,44,40
2022-12-01,2022,12,44,223
2023-01-01,2023,1,44,67
2023-02-01,2023,2,44,7
2023-03-01,2023,3,44,3
2023-04-01,2023,4,44,3
2023-05-01,2023,5,44,7
2020-03-01,2020,3,45,0
2020-04-01,2020,4,45,0
2020-05-01,2020,5,45,0
2020-06-01,2020,6,45,0
2020-07-01,2020,7,45,0
2020-08-01,2020,8,45,0
2020-09-01,2020,9,45,0
2020-10-01,2020,10,45,4
2020-11-01,2020,11,45,23
2020-12-01,2020,12,45,67
2021-01-01,2021,1,45,59
2021-02-01,2021,2,45,45
2021-03-01,2021,3,45,54
2021-04-01,2021,4,45,36
2021-05-01,2021,5,45,28
2021-06-01,2021,6,45,22
2021-07-01,2021,7,45,20
2021-08-01,2021,8,45,24
2021-09-01,2021,9,45,14
2021-10-01,2021,10,45,34
2021-11-01,2021,11,45,58
2021-12-01,2021,12,45,133
2022-01-01,2022,1,45,65
2022-02-01,2022,2,45,88
2022-03-01,2022,3,45,95
2022-04-01,2022,4,45,146
2022-05-01,2022,5,45,152
2022-06-01,2022,6,45,119
2022-07-01,2022,7,45,66
2022-08-01,2022,8,45,46
2022-09-01,2022,9,45,56
2022-10-01,2022,10,45,400
2022-11-01,2022,11,45,1034
2022-12-01,2022,12,45,670
2023-01-01,2023,1,45,318
2023-02-01,2023,2,45,162
2023-03-01,2023,3,45,110
2023-04-01,2023,4,45,98
2023-05-01,2023,5,45,88
2020-03-01,2020,3,46,0
2020-04-01,2020,4,46,0
2020-05-01,2020,5,46,0
2020-06-01,2020,6,46,0
2020-07-01,2020,7,46,0
2020-08-01,2020,8,46,0
2020-09-01,2020,9,46,0
2020-10-01,2020,10,46,2
2020-11-01,2020,11,46,4
2020-12-01,2020,12,46,6
2021-01-01,2021,1,46,6
2021-02-01,2021,2,46,4
2021-03-01,2021,3,46,5
2021-04-01,2021,4,46,10
2021-05-01,2021,5,46,6
2021-06-01,2021,6,46,16
2021-07-01,2021,7,46,9
2021-08-01,2021,8,46,9
2021-09-01,2021,9,46,3
2021-10-01,2021,10,46,4
2021-11-01,2021,11,46,7
2021-12-01,2021,12,46,67
2022-01-01,2022,1,46,85
2022-02-01,2022,2,46,63
2022-03-01,2022,3,46,60
2022-04-01,2022,4,46,34
2022-05-01,2022,5,46,23
2022-06-01,2022,6,46,8
2022-07-01,2022,7,46,18
2022-08-01,2022,8,46,29
2022-09-01,2022,9,46,33
2022-10-01,2022,10,46,48
2022-11-01,2022,11,46,148
2022-12-01,2022,12,46,350
2023-01-01,2023,1,46,106
2023-02-01,2023,2,46,31
2023-03-01,2023,3,46,66
2023-04-01,2023,4,46,26
2023-05-01,2023,5,46,17
2020-03-01,2020,3,47,0
2020-04-01,2020,4,47,0
2020-05-01,2020,5,47,0
2020-06-01,2020,6,47,0
2020-07-01,2020,7,47,0
2020-08-01,2020,8,47,0
2020-09-01,2020,9,47,0
2020-10-01,2020,10,47,43
2020-11-01,2020,11,47,131
2020-12-01,2020,12,47,110
2021-01-01,2021,1,47,120
2021-02-01,2021,2,47,100
2021-03-01,2021,3,47,105
2021-04-01,2021,4,47,82
2021-05-01,2021,5,47,65
2021-06-01,2021,6,47,29
2021-07-01,2021,7,47,17
2021-08-01,2021,8,47,25
2021-09-01,2021,9,47,20
2021-10-01,2021,10,47,39
2021-11-01,2021,11,47,77
2021-12-01,2021,12,47,227
2022-01-01,2022,1,47,185
2022-02-01,2022,2,47,133
2022-03-01,2022,3,47,180
2022-04-01,2022,4,47,179
2022-05-01,2022,5,47,112
2022-06-01,2022,6,47,108
2022-07-01,2022,7,47,61
2022-08-01,2022,8,47,103
2022-09-01,2022,9,47,120
2022-10-01,2022,10,47,406
2022-11-01,2022,11,47,1754
2022-12-01,2022,12,47,1434
2023-01-01,2023,1,47,389
2023-02-01,2023,2,47,169
2023-03-01,2023,3,47,142
2023-04-01,2023,4,47,103
2023-05-01,2023,5,47,84
2020-01-01,2020,1,48,0
2020-02-01,2020,2,48,0
2020-03-01,2020,3,48,0
2020-04-01,2020,4,48,0
2020-05-01,2020,5,48,0
2020-06-01,2020,6,48,0
2020-07-01,2020,7,48,0
2020-08-01,2020,8,48,0
2020-09-01,2020,9,48,0
2020-10-01,2020,10,48,172
2020-11-01,2020,11,48,640
2020-12-01,2020,12,48,934
2021-01-01,2021,1,48,419
2021-02-01,2021,2,48,288
2021-03-01,2021,3,48,194
2021-04-01,2021,4,48,140
2021-05-01,2021,5,48,122
2021-06-01,2021,6,48,156
2021-07-01,2021,7,48,357
2021-08-01,2021,8,48,141
2021-09-01,2021,9,48,156
2021-10-01,2021,10,48,160
2021-11-01,2021,11,48,224
2021-12-01,2021,12,48,386
2022-01-01,2022,1,48,421
2022-02-01,2022,2,48,995
2022-03-01,2022,3,48,2387
2022-04-01,2022,4,48,1354
2022-05-01,2022,5,48,660
2022-06-01,2022,6,48,506
2022-07-01,2022,7,48,413
2022-08-01,2022,8,48,428
2022-09-01,2022,9,48,515
2022-10-01,2022,10,48,2112
2022-11-01,2022,11,48,6346
2022-12-01,2022,12,48,6701
2023-01-01,2023,1,48,2800
2023-02-01,2023,2,48,930
2023-03-01,2023,3,48,653
2023-04-01,2023,4,48,486
2023-05-01,2023,5,48,424
2020-03-01,2020,3,49,0
2020-04-01,2020,4,49,0
2020-05-01,2020,5,49,0
2020-06-01,2020,6,49,0
2020-07-01,2020,7,49,0
2020-08-01,2020,8,49,0
2020-09-01,2020,9,49,0
2020-10-01,2020,10,49,2
2020-11-01,2020,11,49,1
2020-12-01,2020,12,49,4
2021-01-01,2021,1,49,2
2021-02-01,2021,2,49,10
2021-03-01,2021,3,49,1
2021-04-01,2021,4,49,1
2021-05-01,2021,5,49,6
2021-06-01,2021,6,49,5
2021-07-01,2021,7,49,5
2021-08-01,2021,8,49,6
2021-09-01,2021,9,49,8
2021-10-01,2021,10,49,7
2021-11-01,2021,11,49,5
2021-12-01,2021,12,49,21
2022-01-01,2022,1,49,16
2022-02-01,2022,2,49,24
2022-03-01,2022,3,49,62
2022-04-01,2022,4,49,47
2022-05-01,2022,5,49,38
2022-06-01,2022,6,49,19
2022-07-01,2022,7,49,1
2022-08-01,2022,8,49,5
2022-09-01,2022,9,49,2
2022-10-01,2022,10,49,25
2022-11-01,2022,11,49,79
2022-12-01,2022,12,49,267
2023-01-01,2023,1,49,107
2023-02-01,2023,2,49,19
2023-03-01,2023,3,49,17
2023-04-01,2023,4,49,16
2023-05-01,2023,5,49,19
2020-03-01,2020,3,50,0
2020-04-01,2020,4,50,0
2020-05-01,2020,5,50,0
2020-06-01,2020,6,50,0
2020-07-01,2020,7,50,0
2020-08-01,2020,8,50,0
2020-09-01,2020,9,50,0
2020-10-01,2020,10,50,0
2020-11-01,2020,11,50,2
2020-12-01,2020,12,50,0
2021-01-01,2021,1,50,0
2021-02-01,2021,2,50,1
2021-03-01,2021,3,50,1
2021-04-01,2021,4,50,0
2021-05-01,2021,5,50,0
2021-06-01,2021,6,50,0
2021-07-01,2021,7,50,0
2021-08-01,2021,8,50,2
2021-09-01,2021,9,50,0
2021-10-01,2021,10,50,0
2021-11-01,2021,11,50,0
2021-12-01,2021,12,50,2
2022-01-01,2022,1,50,1
2022-02-01,2022,2,50,1
2022-03-01,2022,3,50,14
2022-04-01,2022,4,50,34
2022-05-01,2022,5,50,12
2022-06-01,2022,6,50,7
2022-07-01,2022,7,50,3
2022-08-01,2022,8,50,1
2022-09-01,2022,9,50,0
2022-10-01,2022,10,50,3
2022-11-01,2022,11,50,38
2022-12-01,2022,12,50,267
2023-01-01,2023,1,50,69
2023-02-01,2023,2,50,4
2023-03-01,2023,3,50,12
2023-04-01,2023,4,50,3
2023-05-01,2023,5,50,2
2020-03-01,2020,3,51,0
2020-04-01,2020,4,51,0
2020-05-01,2020,5,51,0
2020-06-01,2020,6,51,0
2020-07-01,2020,7,51,0
2020-08-01,2020,8,51,0
2020-09-01,2020,9,51,0
2020-10-01,2020,10,51,25
2020-11-01,2020,11,51,105
2020-12-01,2020,12,51,164
2021-01-01,2021,1,51,188
2021-02-01,2021,2,51,135
2021-03-01,2021,3,51,111
2021-04-01,2021,4,51,157
2021-05-01,2021,5,51,94
2021-06-01,2021,6,51,90
2021-07-01,2021,7,51,94
2021-08-01,2021,8,51,84
2021-09-01,2021,9,51,67
2021-10-01,2021,10,51,68
2021-11-01,2021,11,51,105
2021-12-01,2021,12,51,209
2022-01-01,2022,1,51,227
2022-02-01,2022,2,51,158
2022-03-01,2022,3,51,179
2022-04-01,2022,4,51,230
2022-05-01,2022,5,51,200
2022-06-01,2022,6,51,181
2022-07-01,2022,7,51,131
2022-08-01,2022,8,51,124
2022-09-01,2022,9,51,96
2022-10-01,2022,10,51,463
2022-11-01,2022,11,51,1573
2022-12-01,2022,12,51,1360
2023-01-01,2023,1,51,472
2023-02-01,2023,2,51,244
2023-03-01,2023,3,51,229
2023-04-01,2023,4,51,183
2023-05-01,2023,5,51,182
2020-02-01,2020,2,53,0
2020-03-01,2020,3,53,0
2020-04-01,2020,4,53,0
2020-05-01,2020,5,53,0
2020-06-01,2020,6,53,0
2020-07-01,2020,7,53,0
2020-08-01,2020,8,53,0
2020-09-01,2020,9,53,0
2020-10-01,2020,10,53,0
2020-11-01,2020,11,53,9
2020-12-01,2020,12,53,8
2021-01-01,2021,1,53,2
2021-02-01,2021,2,53,7
2021-03-01,2021,3,53,10
2021-04-01,2021,4,53,3
2021-05-01,2021,5,53,10
2021-06-01,2021,6,53,0
2021-07-01,2021,7,53,1
2021-08-01,2021,8,53,2
2021-09-01,2021,9,53,4
2021-10-01,2021,10,53,3
2021-11-01,2021,11,53,1
2021-12-01,2021,12,53,12
2022-01-01,2022,1,53,17
2022-02-01,2022,2,53,28
2022-03-01,2022,3,53,81
2022-04-01,2022,4,53,142
2022-05-01,2022,5,53,260
2022-06-01,2022,6,53,246
2022-07-01,2022,7,53,111
2022-08-01,2022,8,53,51
2022-09-01,2022,9,53,47
2022-10-01,2022,10,53,96
2022-11-01,2022,11,53,1453
2022-12-01,2022,12,53,2461
2023-01-01,2023,1,53,492
2023-02-01,2023,2,53,172
2023-03-01,2023,3,53,157
2023-04-01,2023,4,53,90
2023-05-01,2023,5,53,60
2020-01-01,2020,1,54,0
2020-02-01,2020,2,54,0
2020-03-01,2020,3,54,0
2020-04-01,2020,4,54,0
2020-05-01,2020,5,54,0
2020-06-01,2020,6,54,0
2020-07-01,2020,7,54,0
2020-08-01,2020,8,54,0
2020-09-01,2020,9,54,0
2020-10-01,2020,10,54,1
2020-11-01,2020,11,54,18
2020-12-01,2020,12,54,30
2021-01-01,2021,1,54,28
2021-02-01,2021,2,54,20
2021-03-01,2021,3,54,6
2021-04-01,2021,4,54,20
2021-05-01,2021,5,54,15
2021-06-01,2021,6,54,5
2021-07-01,2021,7,54,8
2021-08-01,2021,8,54,13
2021-09-01,2021,9,54,13
2021-10-01,2021,10,54,15
2021-11-01,2021,11,54,24
2021-12-01,2021,12,54,72
2022-01-01,2022,1,54,44
2022-02-01,2022,2,54,49
2022-03-01,2022,3,54,159
2022-04-01,2022,4,54,173
2022-05-01,2022,5,54,69
2022-06-01,2022,6,54,36
2022-07-01,2022,7,54,21
2022-08-01,2022,8,54,17
2022-09-01,2022,9,54,3
2022-10-01,2022,10,54,130
2022-11-01,2022,11,54,738
2022-12-01,2022,12,54,888
2023-01-01,2023,1,54,219
2023-02-01,2023,2,54,53
2023-03-01,2023,3,54,42
2023-04-01,2023,4,54,23
2023-05-01,2023,5,54,33
2020-02-01,2020,2,55,0
2020-03-01,2020,3,55,0
2020-04-01,2020,4,55,0
2020-05-01,2020,5,55,0
2020-06-01,2020,6,55,0
2020-07-01,2020,7,55,0
2020-08-01,2020,8,55,0
2020-09-01,2020,9,55,0
2020-10-01,2020,10,55,1
2020-11-01,2020,11,55,17
2020-12-01,2020,12,55,5
2021-01-01,2021,1,55,6
2021-02-01,2021,2,55,18
2021-03-01,2021,3,55,5
2021-04-01,2021,4,55,6
2021-05-01,2021,5,55,6
2021-06-01,2021,6,55,1
2021-07-01,2021,7,55,1
2021-08-01,2021,8,55,1
2021-09-01,2021,9,55,15
2021-10-01,2021,10,55,20
2021-11-01,2021,11,55,29
2021-12-01,2021,12,55,173
2022-01-01,2022,1,55,154
2022-02-01,2022,2,55,121
2022-03-01,2022,3,55,244
2022-04-01,2022,4,55,248
2022-05-01,2022,5,55,138
2022-06-01,2022,6,55,47
2022-07-01,2022,7,55,9
2022-08-01,2022,8,55,9
2022-09-01,2022,9,55,6
2022-10-01,2022,10,55,41
2022-11-01,2022,11,55,724
2022-12-01,2022,12,55,2085
2023-01-01,2023,1,55,639
2023-02-01,2023,2,55,55
2023-03-01,2023,3,55,30
2023-04-01,2023,4,55,25
2023-05-01,2023,5,55,27
2020-02-01,2020,2,56,0
2020-03-01,2020,3,56,0
2020-04-01,2020,4,56,0
2020-05-01,2020,5,56,0
2020-06-01,2020,6,56,0
2020-07-01,2020,7,56,0
2020-08-01,2020,8,56,0
2020-09-01,2020,9,56,0
2020-10-01,2020,10,56,1
2020-11-01,2020,11,56,0
2020-12-01,2020,12,56,0
2021-01-01,2021,1,56,12
2021-02-01,2021,2,56,0
2021-03-01,2021,3,56,5
2021-04-01,2021,4,56,0
2021-05-01,2021,5,56,3
2021-06-01,2021,6,56,12
2021-07-01,2021,7,56,0
2021-08-01,2021,8,56,0
2021-09-01,2021,9,56,0
2021-10-01,2021,10,56,0
2021-11-01,2021,11,56,8
2021-12-01,2021,12,56,25
2022-01-01,2022,1,56,25
2022-02-01,2022,2,56,10
2022-03-01,2022,3,56,21
2022-04-01,2022,4,56,24
2022-05-01,2022,5,56,22
2022-06-01,2022,6,56,17
2022-07-01,2022,7,56,7
2022-08-01,2022,8,56,0
2022-09-01,2022,9,56,0
2022-10-01,2022,10,56,11
2022-11-01,2022,11,56,157
2022-12-01,2022,12,56,216
2023-01-01,2023,1,56,67
2023-02-01,2023,2,56,9
2023-03-01,2023,3,56,5
2023-04-01,2023,4,56,6
2023-05-01,2023,5,56,6
