date,epiyear,epiweek,location,flu.admits
2022-02-12,2022,6,US,1256
2022-02-19,2022,7,US,1573
2022-02-26,2022,8,US,1666
2022-03-05,2022,9,US,1942
2022-03-12,2022,10,US,2247
2022-03-19,2022,11,US,2878
2022-03-26,2022,12,US,3008
2022-04-02,2022,13,US,3182
2022-04-09,2022,14,US,3331
2022-04-16,2022,15,US,3415
2022-04-23,2022,16,US,3646
2022-04-30,2022,17,US,3250
2022-05-07,2022,18,US,3225
2022-05-14,2022,19,US,3300
2022-05-21,2022,20,US,3170
2022-05-28,2022,21,US,2800
2022-06-04,2022,22,US,2759
2022-06-11,2022,23,US,2224
2022-06-18,2022,24,US,1861
2022-06-25,2022,25,US,1432
2022-07-02,2022,26,US,1133
2022-07-09,2022,27,US,875
2022-07-16,2022,28,US,841
2022-07-23,2022,29,US,700
2022-07-30,2022,30,US,610
2022-08-06,2022,31,US,630
2022-08-13,2022,32,US,562
2022-08-20,2022,33,US,573
2022-08-27,2022,34,US,595
2022-09-03,2022,35,US,601
2022-09-10,2022,36,US,623
2022-09-17,2022,37,US,644
2022-09-24,2022,38,US,742
2022-10-01,2022,39,US,896
2022-10-08,2022,40,US,1331
2022-10-15,2022,41,US,1694
2022-10-22,2022,42,US,2380
2022-10-29,2022,43,US,4353
2022-11-05,2022,44,US,6571
2022-11-12,2022,45,US,8848
2022-11-19,2022,46,US,11427
2022-11-26,2022,47,US,19846
2022-12-03,2022,48,US,26333
2022-12-10,2022,49,US,23851
2022-12-17,2022,50,US,21421
2022-12-24,2022,51,US,19288
2022-12-31,2022,52,US,19369
2023-01-07,2023,1,US,12929
2023-01-14,2023,2,US,6686
2023-01-21,2023,3,US,4182
2023-01-28,2023,4,US,2837
2023-02-04,2023,5,US,2320
2023-02-11,2023,6,US,2152
2023-02-18,2023,7,US,1843
2023-02-25,2023,8,US,1657
2023-03-04,2023,9,US,1456
2023-03-11,2023,10,US,1397
2023-03-18,2023,11,US,1397
2023-03-25,2023,12,US,1315
2023-04-01,2023,13,US,1274
2023-04-08,2023,14,US,1211
2023-04-15,2023,15,US,1083
2023-04-22,2023,16,US,1013
2023-04-29,2023,17,US,946
2023-05-06,2023,18,US,943
2023-05-13,2023,19,US,989
2023-05-20,2023,20,US,961
2023-05-27,2023,21,US,961
2022-02-12,2022,6,01,12
2022-02-19,2022,7,01,20
2022-02-26,2022,8,01,14
2022-03-05,2022,9,01,35
2022-03-12,2022,10,01,30
2022-03-19,2022,11,01,30
2022-03-26,2022,12,01,25
2022-04-02,2022,13,01,32
2022-04-09,2022,14,01,29
2022-04-16,2022,15,01,19
2022-04-23,2022,16,01,30
2022-04-30,2022,17,01,13
2022-05-07,2022,18,01,25
2022-05-14,2022,19,01,15
2022-05-21,2022,20,01,12
2022-05-28,2022,21,01,22
2022-06-04,2022,22,01,19
2022-06-11,2022,23,01,18
2022-06-18,2022,24,01,17
2022-06-25,2022,25,01,14
2022-07-02,2022,26,01,10
2022-07-09,2022,27,01,24
2022-07-16,2022,28,01,21
2022-07-23,2022,29,01,10
2022-07-30,2022,30,01,19
2022-08-06,2022,31,01,12
2022-08-13,2022,32,01,19
2022-08-20,2022,33,01,11
2022-08-27,2022,34,01,19
2022-09-03,2022,35,01,21
2022-09-10,2022,36,01,11
2022-09-17,2022,37,01,17
2022-09-24,2022,38,01,20
2022-10-01,2022,39,01,24
2022-10-08,2022,40,01,41
2022-10-15,2022,41,01,86
2022-10-22,2022,42,01,141
2022-10-29,2022,43,01,262
2022-11-05,2022,44,01,360
2022-11-12,2022,45,01,303
2022-11-19,2022,46,01,226
2022-11-26,2022,47,01,261
2022-12-03,2022,48,01,351
2022-12-10,2022,49,01,223
2022-12-17,2022,50,01,143
2022-12-24,2022,51,01,155
2022-12-31,2022,52,01,140
2023-01-07,2023,1,01,125
2023-01-14,2023,2,01,94
2023-01-21,2023,3,01,57
2023-01-28,2023,4,01,42
2023-02-04,2023,5,01,28
2023-02-11,2023,6,01,33
2023-02-18,2023,7,01,31
2023-02-25,2023,8,01,26
2023-03-04,2023,9,01,18
2023-03-11,2023,10,01,16
2023-03-18,2023,11,01,24
2023-03-25,2023,12,01,20
2023-04-01,2023,13,01,26
2023-04-08,2023,14,01,15
2023-04-15,2023,15,01,19
2023-04-22,2023,16,01,19
2023-04-29,2023,17,01,12
2023-05-06,2023,18,01,6
2023-05-13,2023,19,01,15
2023-05-20,2023,20,01,9
2023-05-27,2023,21,01,12
2022-02-12,2022,6,02,0
2022-02-19,2022,7,02,0
2022-02-26,2022,8,02,1
2022-03-05,2022,9,02,0
2022-03-12,2022,10,02,2
2022-03-19,2022,11,02,1
2022-03-26,2022,12,02,3
2022-04-02,2022,13,02,0
2022-04-09,2022,14,02,2
2022-04-16,2022,15,02,2
2022-04-23,2022,16,02,1
2022-04-30,2022,17,02,3
2022-05-07,2022,18,02,4
2022-05-14,2022,19,02,5
2022-05-21,2022,20,02,17
2022-05-28,2022,21,02,3
2022-06-04,2022,22,02,2
2022-06-11,2022,23,02,6
2022-06-18,2022,24,02,1
2022-06-25,2022,25,02,3
2022-07-02,2022,26,02,2
2022-07-09,2022,27,02,3
2022-07-16,2022,28,02,0
2022-07-23,2022,29,02,0
2022-07-30,2022,30,02,0
2022-08-06,2022,31,02,0
2022-08-13,2022,32,02,1
2022-08-20,2022,33,02,1
2022-08-27,2022,34,02,1
2022-09-03,2022,35,02,0
2022-09-10,2022,36,02,5
2022-09-17,2022,37,02,0
2022-09-24,2022,38,02,0
2022-10-01,2022,39,02,2
2022-10-08,2022,40,02,3
2022-10-15,2022,41,02,2
2022-10-22,2022,42,02,3
2022-10-29,2022,43,02,14
2022-11-05,2022,44,02,10
2022-11-12,2022,45,02,20
2022-11-19,2022,46,02,38
2022-11-26,2022,47,02,66
2022-12-03,2022,48,02,58
2022-12-10,2022,49,02,77
2022-12-17,2022,50,02,45
2022-12-24,2022,51,02,40
2022-12-31,2022,52,02,44
2023-01-07,2023,1,02,29
2023-01-14,2023,2,02,6
2023-01-21,2023,3,02,9
2023-01-28,2023,4,02,3
2023-02-04,2023,5,02,3
2023-02-11,2023,6,02,1
2023-02-18,2023,7,02,3
2023-02-25,2023,8,02,4
2023-03-04,2023,9,02,3
2023-03-11,2023,10,02,3
2023-03-18,2023,11,02,1
2023-03-25,2023,12,02,4
2023-04-01,2023,13,02,0
2023-04-08,2023,14,02,2
2023-04-15,2023,15,02,2
2023-04-22,2023,16,02,1
2023-04-29,2023,17,02,0
2023-05-06,2023,18,02,6
2023-05-13,2023,19,02,0
2023-05-20,2023,20,02,0
2023-05-27,2023,21,02,2
2022-02-12,2022,6,04,63
2022-02-19,2022,7,04,66
2022-02-26,2022,8,04,72
2022-03-05,2022,9,04,91
2022-03-12,2022,10,04,85
2022-03-19,2022,11,04,113
2022-03-26,2022,12,04,131
2022-04-02,2022,13,04,108
2022-04-09,2022,14,04,112
2022-04-16,2022,15,04,101
2022-04-23,2022,16,04,147
2022-04-30,2022,17,04,162
2022-05-07,2022,18,04,176
2022-05-14,2022,19,04,212
2022-05-21,2022,20,04,237
2022-05-28,2022,21,04,196
2022-06-04,2022,22,04,204
2022-06-11,2022,23,04,87
2022-06-18,2022,24,04,52
2022-06-25,2022,25,04,41
2022-07-02,2022,26,04,13
2022-07-09,2022,27,04,15
2022-07-16,2022,28,04,13
2022-07-23,2022,29,04,19
2022-07-30,2022,30,04,21
2022-08-06,2022,31,04,11
2022-08-13,2022,32,04,11
2022-08-20,2022,33,04,18
2022-08-27,2022,34,04,16
2022-09-03,2022,35,04,16
2022-09-10,2022,36,04,5
2022-09-17,2022,37,04,7
2022-09-24,2022,38,04,9
2022-10-01,2022,39,04,10
2022-10-08,2022,40,04,18
2022-10-15,2022,41,04,14
2022-10-22,2022,42,04,22
2022-10-29,2022,43,04,34
2022-11-05,2022,44,04,84
2022-11-12,2022,45,04,153
2022-11-19,2022,46,04,339
2022-11-26,2022,47,04,612
2022-12-03,2022,48,04,821
2022-12-10,2022,49,04,759
2022-12-17,2022,50,04,563
2022-12-24,2022,51,04,604
2022-12-31,2022,52,04,656
2023-01-07,2023,1,04,350
2023-01-14,2023,2,04,140
2023-01-21,2023,3,04,112
2023-01-28,2023,4,04,50
2023-02-04,2023,5,04,71
2023-02-11,2023,6,04,52
2023-02-18,2023,7,04,38
2023-02-25,2023,8,04,53
2023-03-04,2023,9,04,47
2023-03-11,2023,10,04,49
2023-03-18,2023,11,04,54
2023-03-25,2023,12,04,42
2023-04-01,2023,13,04,40
2023-04-08,2023,14,04,68
2023-04-15,2023,15,04,89
2023-04-22,2023,16,04,78
2023-04-29,2023,17,04,77
2023-05-06,2023,18,04,68
2023-05-13,2023,19,04,80
2023-05-20,2023,20,04,103
2023-05-27,2023,21,04,110
2022-02-12,2022,6,05,24
2022-02-19,2022,7,05,32
2022-02-26,2022,8,05,42
2022-03-05,2022,9,05,58
2022-03-12,2022,10,05,62
2022-03-19,2022,11,05,67
2022-03-26,2022,12,05,89
2022-04-02,2022,13,05,59
2022-04-09,2022,14,05,83
2022-04-16,2022,15,05,50
2022-04-23,2022,16,05,37
2022-04-30,2022,17,05,32
2022-05-07,2022,18,05,23
2022-05-14,2022,19,05,22
2022-05-21,2022,20,05,16
2022-05-28,2022,21,05,16
2022-06-04,2022,22,05,21
2022-06-11,2022,23,05,20
2022-06-18,2022,24,05,13
2022-06-25,2022,25,05,16
2022-07-02,2022,26,05,11
2022-07-09,2022,27,05,6
2022-07-16,2022,28,05,21
2022-07-23,2022,29,05,14
2022-07-30,2022,30,05,5
2022-08-06,2022,31,05,8
2022-08-13,2022,32,05,7
2022-08-20,2022,33,05,4
2022-08-27,2022,34,05,3
2022-09-03,2022,35,05,8
2022-09-10,2022,36,05,6
2022-09-17,2022,37,05,4
2022-09-24,2022,38,05,8
2022-10-01,2022,39,05,10
2022-10-08,2022,40,05,21
2022-10-15,2022,41,05,40
2022-10-22,2022,42,05,50
2022-10-29,2022,43,05,84
2022-11-05,2022,44,05,141
2022-11-12,2022,45,05,212
2022-11-19,2022,46,05,218
2022-11-26,2022,47,05,435
2022-12-03,2022,48,05,468
2022-12-10,2022,49,05,331
2022-12-17,2022,50,05,234
2022-12-24,2022,51,05,189
2022-12-31,2022,52,05,217
2023-01-07,2023,1,05,146
2023-01-14,2023,2,05,98
2023-01-21,2023,3,05,61
2023-01-28,2023,4,05,30
2023-02-04,2023,5,05,21
2023-02-11,2023,6,05,35
2023-02-18,2023,7,05,25
2023-02-25,2023,8,05,32
2023-03-04,2023,9,05,33
2023-03-11,2023,10,05,18
2023-03-18,2023,11,05,14
2023-03-25,2023,12,05,22
2023-04-01,2023,13,05,24
2023-04-08,2023,14,05,16
2023-04-15,2023,15,05,16
2023-04-22,2023,16,05,8
2023-04-29,2023,17,05,11
2023-05-06,2023,18,05,9
2023-05-13,2023,19,05,14
2023-05-20,2023,20,05,8
2023-05-27,2023,21,05,11
2022-02-12,2022,6,06,34
2022-02-19,2022,7,06,18
2022-02-26,2022,8,06,34
2022-03-05,2022,9,06,32
2022-03-12,2022,10,06,45
2022-03-19,2022,11,06,57
2022-03-26,2022,12,06,63
2022-04-02,2022,13,06,84
2022-04-09,2022,14,06,106
2022-04-16,2022,15,06,100
2022-04-23,2022,16,06,165
2022-04-30,2022,17,06,218
2022-05-07,2022,18,06,202
2022-05-14,2022,19,06,308
2022-05-21,2022,20,06,386
2022-05-28,2022,21,06,405
2022-06-04,2022,22,06,453
2022-06-11,2022,23,06,397
2022-06-18,2022,24,06,304
2022-06-25,2022,25,06,238
2022-07-02,2022,26,06,192
2022-07-09,2022,27,06,122
2022-07-16,2022,28,06,102
2022-07-23,2022,29,06,64
2022-07-30,2022,30,06,46
2022-08-06,2022,31,06,39
2022-08-13,2022,32,06,38
2022-08-20,2022,33,06,39
2022-08-27,2022,34,06,33
2022-09-03,2022,35,06,35
2022-09-10,2022,36,06,29
2022-09-17,2022,37,06,24
2022-09-24,2022,38,06,35
2022-10-01,2022,39,06,72
2022-10-08,2022,40,06,93
2022-10-15,2022,41,06,97
2022-10-22,2022,42,06,124
2022-10-29,2022,43,06,211
2022-11-05,2022,44,06,456
2022-11-12,2022,45,06,928
2022-11-19,2022,46,06,1616
2022-11-26,2022,47,06,2790
2022-12-03,2022,48,06,3138
2022-12-10,2022,49,06,2275
2022-12-17,2022,50,06,1576
2022-12-24,2022,51,06,1580
2022-12-31,2022,52,06,1384
2023-01-07,2023,1,06,855
2023-01-14,2023,2,06,354
2023-01-21,2023,3,06,198
2023-01-28,2023,4,06,116
2023-02-04,2023,5,06,116
2023-02-11,2023,6,06,91
2023-02-18,2023,7,06,70
2023-02-25,2023,8,06,82
2023-03-04,2023,9,06,59
2023-03-11,2023,10,06,49
2023-03-18,2023,11,06,58
2023-03-25,2023,12,06,32
2023-04-01,2023,13,06,34
2023-04-08,2023,14,06,39
2023-04-15,2023,15,06,37
2023-04-22,2023,16,06,33
2023-04-29,2023,17,06,25
2023-05-06,2023,18,06,21
2023-05-13,2023,19,06,36
2023-05-20,2023,20,06,23
2023-05-27,2023,21,06,30
2022-02-12,2022,6,08,27
2022-02-19,2022,7,08,22
2022-02-26,2022,8,08,27
2022-03-05,2022,9,08,25
2022-03-12,2022,10,08,42
2022-03-19,2022,11,08,60
2022-03-26,2022,12,08,94
2022-04-02,2022,13,08,117
2022-04-09,2022,14,08,105
2022-04-16,2022,15,08,146
2022-04-23,2022,16,08,187
2022-04-30,2022,17,08,168
2022-05-07,2022,18,08,260
2022-05-14,2022,19,08,171
2022-05-21,2022,20,08,110
2022-05-28,2022,21,08,91
2022-06-04,2022,22,08,72
2022-06-11,2022,23,08,33
2022-06-18,2022,24,08,27
2022-06-25,2022,25,08,9
2022-07-02,2022,26,08,14
2022-07-09,2022,27,08,11
2022-07-16,2022,28,08,11
2022-07-23,2022,29,08,8
2022-07-30,2022,30,08,9
2022-08-06,2022,31,08,14
2022-08-13,2022,32,08,8
2022-08-20,2022,33,08,11
2022-08-27,2022,34,08,1
2022-09-03,2022,35,08,1
2022-09-10,2022,36,08,3
2022-09-17,2022,37,08,3
2022-09-24,2022,38,08,4
2022-10-01,2022,39,08,3
2022-10-08,2022,40,08,1
2022-10-15,2022,41,08,5
2022-10-22,2022,42,08,15
2022-10-29,2022,43,08,32
2022-11-05,2022,44,08,32
2022-11-12,2022,45,08,61
2022-11-19,2022,46,08,114
2022-11-26,2022,47,08,157
2022-12-03,2022,48,08,160
2022-12-10,2022,49,08,243
2022-12-17,2022,50,08,255
2022-12-24,2022,51,08,350
2022-12-31,2022,52,08,311
2023-01-07,2023,1,08,146
2023-01-14,2023,2,08,85
2023-01-21,2023,3,08,33
2023-01-28,2023,4,08,30
2023-02-04,2023,5,08,38
2023-02-11,2023,6,08,24
2023-02-18,2023,7,08,16
2023-02-25,2023,8,08,14
2023-03-04,2023,9,08,17
2023-03-11,2023,10,08,11
2023-03-18,2023,11,08,10
2023-03-25,2023,12,08,11
2023-04-01,2023,13,08,6
2023-04-08,2023,14,08,7
2023-04-15,2023,15,08,19
2023-04-22,2023,16,08,10
2023-04-29,2023,17,08,12
2023-05-06,2023,18,08,4
2023-05-13,2023,19,08,8
2023-05-20,2023,20,08,12
2023-05-27,2023,21,08,6
2022-02-12,2022,6,09,0
2022-02-19,2022,7,09,1
2022-02-26,2022,8,09,7
2022-03-05,2022,9,09,7
2022-03-12,2022,10,09,6
2022-03-19,2022,11,09,18
2022-03-26,2022,12,09,25
2022-04-02,2022,13,09,30
2022-04-09,2022,14,09,44
2022-04-16,2022,15,09,51
2022-04-23,2022,16,09,50
2022-04-30,2022,17,09,57
2022-05-07,2022,18,09,76
2022-05-14,2022,19,09,79
2022-05-21,2022,20,09,63
2022-05-28,2022,21,09,34
2022-06-04,2022,22,09,20
2022-06-11,2022,23,09,37
2022-06-18,2022,24,09,14
2022-06-25,2022,25,09,4
2022-07-02,2022,26,09,9
2022-07-09,2022,27,09,4
2022-07-16,2022,28,09,3
2022-07-23,2022,29,09,6
2022-07-30,2022,30,09,4
2022-08-06,2022,31,09,3
2022-08-13,2022,32,09,0
2022-08-20,2022,33,09,2
2022-08-27,2022,34,09,9
2022-09-03,2022,35,09,4
2022-09-10,2022,36,09,3
2022-09-17,2022,37,09,4
2022-09-24,2022,38,09,3
2022-10-01,2022,39,09,2
2022-10-08,2022,40,09,3
2022-10-15,2022,41,09,9
2022-10-22,2022,42,09,9
2022-10-29,2022,43,09,37
2022-11-05,2022,44,09,41
2022-11-12,2022,45,09,58
2022-11-19,2022,46,09,104
2022-11-26,2022,47,09,199
2022-12-03,2022,48,09,424
2022-12-10,2022,49,09,419
2022-12-17,2022,50,09,352
2022-12-24,2022,51,09,275
2022-12-31,2022,52,09,248
2023-01-07,2023,1,09,160
2023-01-14,2023,2,09,72
2023-01-21,2023,3,09,31
2023-01-28,2023,4,09,32
2023-02-04,2023,5,09,14
2023-02-11,2023,6,09,14
2023-02-18,2023,7,09,16
2023-02-25,2023,8,09,16
2023-03-04,2023,9,09,9
2023-03-11,2023,10,09,21
2023-03-18,2023,11,09,9
2023-03-25,2023,12,09,12
2023-04-01,2023,13,09,14
2023-04-08,2023,14,09,21
2023-04-15,2023,15,09,11
2023-04-22,2023,16,09,7
2023-04-29,2023,17,09,9
2023-05-06,2023,18,09,7
2023-05-13,2023,19,09,6
2023-05-20,2023,20,09,12
2023-05-27,2023,21,09,9
2022-02-12,2022,6,10,2
2022-02-19,2022,7,10,3
2022-02-26,2022,8,10,1
2022-03-05,2022,9,10,1
2022-03-12,2022,10,10,7
2022-03-19,2022,11,10,6
2022-03-26,2022,12,10,7
2022-04-02,2022,13,10,4
2022-04-09,2022,14,10,14
2022-04-16,2022,15,10,41
2022-04-23,2022,16,10,18
2022-04-30,2022,17,10,6
2022-05-07,2022,18,10,7
2022-05-14,2022,19,10,4
2022-05-21,2022,20,10,4
2022-05-28,2022,21,10,4
2022-06-04,2022,22,10,9
2022-06-11,2022,23,10,5
2022-06-18,2022,24,10,2
2022-06-25,2022,25,10,4
2022-07-02,2022,26,10,0
2022-07-09,2022,27,10,1
2022-07-16,2022,28,10,1
2022-07-23,2022,29,10,0
2022-07-30,2022,30,10,2
2022-08-06,2022,31,10,0
2022-08-13,2022,32,10,1
2022-08-20,2022,33,10,1
2022-08-27,2022,34,10,1
2022-09-03,2022,35,10,3
2022-09-10,2022,36,10,0
2022-09-17,2022,37,10,2
2022-09-24,2022,38,10,0
2022-10-01,2022,39,10,0
2022-10-08,2022,40,10,0
2022-10-15,2022,41,10,0
2022-10-22,2022,42,10,1
2022-10-29,2022,43,10,4
2022-11-05,2022,44,10,11
2022-11-12,2022,45,10,15
2022-11-19,2022,46,10,53
2022-11-26,2022,47,10,48
2022-12-03,2022,48,10,79
2022-12-10,2022,49,10,28
2022-12-17,2022,50,10,27
2022-12-24,2022,51,10,29
2022-12-31,2022,52,10,46
2023-01-07,2023,1,10,41
2023-01-14,2023,2,10,11
2023-01-21,2023,3,10,5
2023-01-28,2023,4,10,5
2023-02-04,2023,5,10,15
2023-02-11,2023,6,10,1
2023-02-18,2023,7,10,1
2023-02-25,2023,8,10,0
2023-03-04,2023,9,10,5
2023-03-11,2023,10,10,1
2023-03-18,2023,11,10,0
2023-03-25,2023,12,10,2
2023-04-01,2023,13,10,2
2023-04-08,2023,14,10,0
2023-04-15,2023,15,10,0
2023-04-22,2023,16,10,0
2023-04-29,2023,17,10,1
2023-05-06,2023,18,10,0
2023-05-13,2023,19,10,1
2023-05-20,2023,20,10,0
2023-05-27,2023,21,10,0
2022-02-12,2022,6,11,0
2022-02-19,2022,7,11,1
2022-02-26,2022,8,11,0
2022-03-05,2022,9,11,1
2022-03-12,2022,10,11,4
2022-03-19,2022,11,11,4
2022-03-26,2022,12,11,2
2022-04-02,2022,13,11,4
2022-04-09,2022,14,11,2
2022-04-16,2022,15,11,2
2022-04-23,2022,16,11,1
2022-04-30,2022,17,11,4
2022-05-07,2022,18,11,1
2022-05-14,2022,19,11,5
2022-05-21,2022,20,11,4
2022-05-28,2022,21,11,6
2022-06-04,2022,22,11,4
2022-06-11,2022,23,11,1
2022-06-18,2022,24,11,2
2022-06-25,2022,25,11,3
2022-07-02,2022,26,11,1
2022-07-09,2022,27,11,2
2022-07-16,2022,28,11,1
2022-07-23,2022,29,11,0
2022-07-30,2022,30,11,0
2022-08-06,2022,31,11,2
2022-08-13,2022,32,11,0
2022-08-20,2022,33,11,0
2022-08-27,2022,34,11,1
2022-09-03,2022,35,11,0
2022-09-10,2022,36,11,0
2022-09-17,2022,37,11,0
2022-09-24,2022,38,11,1
2022-10-01,2022,39,11,0
2022-10-08,2022,40,11,1
2022-10-15,2022,41,11,2
2022-10-22,2022,42,11,8
2022-10-29,2022,43,11,11
2022-11-05,2022,44,11,36
2022-11-12,2022,45,11,44
2022-11-19,2022,46,11,35
2022-11-26,2022,47,11,70
2022-12-03,2022,48,11,56
2022-12-10,2022,49,11,42
2022-12-17,2022,50,11,20
2022-12-24,2022,51,11,26
2022-12-31,2022,52,11,27
2023-01-07,2023,1,11,15
2023-01-14,2023,2,11,5
2023-01-21,2023,3,11,10
2023-01-28,2023,4,11,6
2023-02-04,2023,5,11,8
2023-02-11,2023,6,11,6
2023-02-18,2023,7,11,4
2023-02-25,2023,8,11,4
2023-03-04,2023,9,11,5
2023-03-11,2023,10,11,1
2023-03-18,2023,11,11,3
2023-03-25,2023,12,11,2
2023-04-01,2023,13,11,11
2023-04-08,2023,14,11,3
2023-04-15,2023,15,11,3
2023-04-22,2023,16,11,3
2023-04-29,2023,17,11,1
2023-05-06,2023,18,11,1
2023-05-13,2023,19,11,1
2023-05-20,2023,20,11,2
2023-05-27,2023,21,11,6
2022-02-12,2022,6,12,64
2022-02-19,2022,7,12,74
2022-02-26,2022,8,12,66
2022-03-05,2022,9,12,72
2022-03-12,2022,10,12,69
2022-03-19,2022,11,12,73
2022-03-26,2022,12,12,109
2022-04-02,2022,13,12,96
2022-04-09,2022,14,12,103
2022-04-16,2022,15,12,165
2022-04-23,2022,16,12,163
2022-04-30,2022,17,12,179
2022-05-07,2022,18,12,223
2022-05-14,2022,19,12,306
2022-05-21,2022,20,12,406
2022-05-28,2022,21,12,542
2022-06-04,2022,22,12,680
2022-06-11,2022,23,12,556
2022-06-18,2022,24,12,465
2022-06-25,2022,25,12,321
2022-07-02,2022,26,12,205
2022-07-09,2022,27,12,177
2022-07-16,2022,28,12,134
2022-07-23,2022,29,12,97
2022-07-30,2022,30,12,81
2022-08-06,2022,31,12,87
2022-08-13,2022,32,12,89
2022-08-20,2022,33,12,67
2022-08-27,2022,34,12,75
2022-09-03,2022,35,12,70
2022-09-10,2022,36,12,60
2022-09-17,2022,37,12,78
2022-09-24,2022,38,12,81
2022-10-01,2022,39,12,77
2022-10-08,2022,40,12,110
2022-10-15,2022,41,12,105
2022-10-22,2022,42,12,125
2022-10-29,2022,43,12,260
2022-11-05,2022,44,12,304
2022-11-12,2022,45,12,490
2022-11-19,2022,46,12,504
2022-11-26,2022,47,12,803
2022-12-03,2022,48,12,896
2022-12-10,2022,49,12,789
2022-12-17,2022,50,12,891
2022-12-24,2022,51,12,982
2022-12-31,2022,52,12,1297
2023-01-07,2023,1,12,1213
2023-01-14,2023,2,12,714
2023-01-21,2023,3,12,577
2023-01-28,2023,4,12,410
2023-02-04,2023,5,12,343
2023-02-11,2023,6,12,300
2023-02-18,2023,7,12,226
2023-02-25,2023,8,12,201
2023-03-04,2023,9,12,184
2023-03-11,2023,10,12,188
2023-03-18,2023,11,12,201
2023-03-25,2023,12,12,162
2023-04-01,2023,13,12,162
2023-04-08,2023,14,12,182
2023-04-15,2023,15,12,135
2023-04-22,2023,16,12,141
2023-04-29,2023,17,12,141
2023-05-06,2023,18,12,125
2023-05-13,2023,19,12,135
2023-05-20,2023,20,12,136
2023-05-27,2023,21,12,140
2022-02-12,2022,6,13,38
2022-02-19,2022,7,13,45
2022-02-26,2022,8,13,35
2022-03-05,2022,9,13,28
2022-03-12,2022,10,13,37
2022-03-19,2022,11,13,34
2022-03-26,2022,12,13,33
2022-04-02,2022,13,13,46
2022-04-09,2022,14,13,31
2022-04-16,2022,15,13,41
2022-04-23,2022,16,13,44
2022-04-30,2022,17,13,41
2022-05-07,2022,18,13,43
2022-05-14,2022,19,13,43
2022-05-21,2022,20,13,49
2022-05-28,2022,21,13,64
2022-06-04,2022,22,13,63
2022-06-11,2022,23,13,38
2022-06-18,2022,24,13,36
2022-06-25,2022,25,13,26
2022-07-02,2022,26,13,34
2022-07-09,2022,27,13,23
2022-07-16,2022,28,13,26
2022-07-23,2022,29,13,26
2022-07-30,2022,30,13,33
2022-08-06,2022,31,13,31
2022-08-13,2022,32,13,13
2022-08-20,2022,33,13,19
2022-08-27,2022,34,13,17
2022-09-03,2022,35,13,22
2022-09-10,2022,36,13,38
2022-09-17,2022,37,13,36
2022-09-24,2022,38,13,39
2022-10-01,2022,39,13,54
2022-10-08,2022,40,13,87
2022-10-15,2022,41,13,113
2022-10-22,2022,42,13,119
2022-10-29,2022,43,13,176
2022-11-05,2022,44,13,217
2022-11-12,2022,45,13,250
2022-11-19,2022,46,13,193
2022-11-26,2022,47,13,251
2022-12-03,2022,48,13,252
2022-12-10,2022,49,13,172
2022-12-17,2022,50,13,138
2022-12-24,2022,51,13,162
2022-12-31,2022,52,13,195
2023-01-07,2023,1,13,168
2023-01-14,2023,2,13,106
2023-01-21,2023,3,13,71
2023-01-28,2023,4,13,70
2023-02-04,2023,5,13,88
2023-02-11,2023,6,13,82
2023-02-18,2023,7,13,69
2023-02-25,2023,8,13,70
2023-03-04,2023,9,13,44
2023-03-11,2023,10,13,55
2023-03-18,2023,11,13,51
2023-03-25,2023,12,13,68
2023-04-01,2023,13,13,49
2023-04-08,2023,14,13,48
2023-04-15,2023,15,13,30
2023-04-22,2023,16,13,48
2023-04-29,2023,17,13,40
2023-05-06,2023,18,13,36
2023-05-13,2023,19,13,52
2023-05-20,2023,20,13,29
2023-05-27,2023,21,13,38
2022-02-12,2022,6,15,0
2022-02-19,2022,7,15,0
2022-02-26,2022,8,15,0
2022-03-05,2022,9,15,0
2022-03-12,2022,10,15,0
2022-03-19,2022,11,15,1
2022-03-26,2022,12,15,0
2022-04-02,2022,13,15,1
2022-04-09,2022,14,15,4
2022-04-16,2022,15,15,10
2022-04-23,2022,16,15,6
2022-04-30,2022,17,15,4
2022-05-07,2022,18,15,1
2022-05-14,2022,19,15,4
2022-05-21,2022,20,15,10
2022-05-28,2022,21,15,9
2022-06-04,2022,22,15,4
2022-06-11,2022,23,15,3
2022-06-18,2022,24,15,4
2022-06-25,2022,25,15,6
2022-07-02,2022,26,15,4
2022-07-09,2022,27,15,2
2022-07-16,2022,28,15,0
2022-07-23,2022,29,15,1
2022-07-30,2022,30,15,2
2022-08-06,2022,31,15,3
2022-08-13,2022,32,15,2
2022-08-20,2022,33,15,0
2022-08-27,2022,34,15,1
2022-09-03,2022,35,15,2
2022-09-10,2022,36,15,1
2022-09-17,2022,37,15,2
2022-09-24,2022,38,15,3
2022-10-01,2022,39,15,5
2022-10-08,2022,40,15,4
2022-10-15,2022,41,15,6
2022-10-22,2022,42,15,4
2022-10-29,2022,43,15,6
2022-11-05,2022,44,15,8
2022-11-12,2022,45,15,25
2022-11-19,2022,46,15,10
2022-11-26,2022,47,15,12
2022-12-03,2022,48,15,12
2022-12-10,2022,49,15,11
2022-12-17,2022,50,15,17
2022-12-24,2022,51,15,31
2022-12-31,2022,52,15,28
2023-01-07,2023,1,15,10
2023-01-14,2023,2,15,9
2023-01-21,2023,3,15,0
2023-01-28,2023,4,15,11
2023-02-04,2023,5,15,6
2023-02-11,2023,6,15,10
2023-02-18,2023,7,15,4
2023-02-25,2023,8,15,5
2023-03-04,2023,9,15,1
2023-03-11,2023,10,15,4
2023-03-18,2023,11,15,3
2023-03-25,2023,12,15,2
2023-04-01,2023,13,15,6
2023-04-08,2023,14,15,3
2023-04-15,2023,15,15,1
2023-04-22,2023,16,15,2
2023-04-29,2023,17,15,1
2023-05-06,2023,18,15,0
2023-05-13,2023,19,15,1
2023-05-20,2023,20,15,3
2023-05-27,2023,21,15,0
2022-02-12,2022,6,16,1
2022-02-19,2022,7,16,1
2022-02-26,2022,8,16,4
2022-03-05,2022,9,16,3
2022-03-12,2022,10,16,15
2022-03-19,2022,11,16,15
2022-03-26,2022,12,16,15
2022-04-02,2022,13,16,21
2022-04-09,2022,14,16,17
2022-04-16,2022,15,16,19
2022-04-23,2022,16,16,14
2022-04-30,2022,17,16,15
2022-05-07,2022,18,16,15
2022-05-14,2022,19,16,16
2022-05-21,2022,20,16,13
2022-05-28,2022,21,16,7
2022-06-04,2022,22,16,11
2022-06-11,2022,23,16,6
2022-06-18,2022,24,16,6
2022-06-25,2022,25,16,3
2022-07-02,2022,26,16,3
2022-07-09,2022,27,16,4
2022-07-16,2022,28,16,4
2022-07-23,2022,29,16,0
2022-07-30,2022,30,16,1
2022-08-06,2022,31,16,2
2022-08-13,2022,32,16,0
2022-08-20,2022,33,16,2
2022-08-27,2022,34,16,1
2022-09-03,2022,35,16,3
2022-09-10,2022,36,16,0
2022-09-17,2022,37,16,1
2022-09-24,2022,38,16,3
2022-10-01,2022,39,16,2
2022-10-08,2022,40,16,1
2022-10-15,2022,41,16,1
2022-10-22,2022,42,16,1
2022-10-29,2022,43,16,1
2022-11-05,2022,44,16,20
2022-11-12,2022,45,16,14
2022-11-19,2022,46,16,60
2022-11-26,2022,47,16,155
2022-12-03,2022,48,16,189
2022-12-10,2022,49,16,195
2022-12-17,2022,50,16,285
2022-12-24,2022,51,16,195
2022-12-31,2022,52,16,219
2023-01-07,2023,1,16,101
2023-01-14,2023,2,16,42
2023-01-21,2023,3,16,30
2023-01-28,2023,4,16,17
2023-02-04,2023,5,16,4
2023-02-11,2023,6,16,4
2023-02-18,2023,7,16,8
2023-02-25,2023,8,16,3
2023-03-04,2023,9,16,3
2023-03-11,2023,10,16,4
2023-03-18,2023,11,16,5
2023-03-25,2023,12,16,5
2023-04-01,2023,13,16,2
2023-04-08,2023,14,16,5
2023-04-15,2023,15,16,1
2023-04-22,2023,16,16,5
2023-04-29,2023,17,16,5
2023-05-06,2023,18,16,6
2023-05-13,2023,19,16,8
2023-05-20,2023,20,16,2
2023-05-27,2023,21,16,1
2022-02-12,2022,6,17,9
2022-02-19,2022,7,17,26
2022-02-26,2022,8,17,26
2022-03-05,2022,9,17,21
2022-03-12,2022,10,17,39
2022-03-19,2022,11,17,74
2022-03-26,2022,12,17,105
2022-04-02,2022,13,17,100
2022-04-09,2022,14,17,103
2022-04-16,2022,15,17,92
2022-04-23,2022,16,17,126
2022-04-30,2022,17,17,99
2022-05-07,2022,18,17,114
2022-05-14,2022,19,17,128
2022-05-21,2022,20,17,93
2022-05-28,2022,21,17,49
2022-06-04,2022,22,17,41
2022-06-11,2022,23,17,18
2022-06-18,2022,24,17,23
2022-06-25,2022,25,17,18
2022-07-02,2022,26,17,11
2022-07-09,2022,27,17,9
2022-07-16,2022,28,17,14
2022-07-23,2022,29,17,3
2022-07-30,2022,30,17,12
2022-08-06,2022,31,17,13
2022-08-13,2022,32,17,12
2022-08-20,2022,33,17,14
2022-08-27,2022,34,17,15
2022-09-03,2022,35,17,10
2022-09-10,2022,36,17,3
2022-09-17,2022,37,17,5
2022-09-24,2022,38,17,16
2022-10-01,2022,39,17,11
2022-10-08,2022,40,17,11
2022-10-15,2022,41,17,31
2022-10-22,2022,42,17,45
2022-10-29,2022,43,17,104
2022-11-05,2022,44,17,181
2022-11-12,2022,45,17,276
2022-11-19,2022,46,17,447
2022-11-26,2022,47,17,915
2022-12-03,2022,48,17,1125
2022-12-10,2022,49,17,973
2022-12-17,2022,50,17,744
2022-12-24,2022,51,17,563
2022-12-31,2022,52,17,571
2023-01-07,2023,1,17,393
2023-01-14,2023,2,17,166
2023-01-21,2023,3,17,63
2023-01-28,2023,4,17,64
2023-02-04,2023,5,17,26
2023-02-11,2023,6,17,33
2023-02-18,2023,7,17,25
2023-02-25,2023,8,17,36
2023-03-04,2023,9,17,23
2023-03-11,2023,10,17,14
2023-03-18,2023,11,17,15
2023-03-25,2023,12,17,28
2023-04-01,2023,13,17,30
2023-04-08,2023,14,17,22
2023-04-15,2023,15,17,34
2023-04-22,2023,16,17,29
2023-04-29,2023,17,17,16
2023-05-06,2023,18,17,26
2023-05-13,2023,19,17,27
2023-05-20,2023,20,17,29
2023-05-27,2023,21,17,24
2022-02-12,2022,6,18,34
2022-02-19,2022,7,18,61
2022-02-26,2022,8,18,42
2022-03-05,2022,9,18,72
2022-03-12,2022,10,18,106
2022-03-19,2022,11,18,124
2022-03-26,2022,12,18,125
2022-04-02,2022,13,18,113
2022-04-09,2022,14,18,117
2022-04-16,2022,15,18,81
2022-04-23,2022,16,18,66
2022-04-30,2022,17,18,73
2022-05-07,2022,18,18,47
2022-05-14,2022,19,18,42
2022-05-21,2022,20,18,44
2022-05-28,2022,21,18,33
2022-06-04,2022,22,18,25
2022-06-11,2022,23,18,13
2022-06-18,2022,24,18,23
2022-06-25,2022,25,18,21
2022-07-02,2022,26,18,17
2022-07-09,2022,27,18,12
2022-07-16,2022,28,18,11
2022-07-23,2022,29,18,7
2022-07-30,2022,30,18,18
2022-08-06,2022,31,18,11
2022-08-13,2022,32,18,7
2022-08-20,2022,33,18,10
2022-08-27,2022,34,18,15
2022-09-03,2022,35,18,22
2022-09-10,2022,36,18,27
2022-09-17,2022,37,18,26
2022-09-24,2022,38,18,34
2022-10-01,2022,39,18,33
2022-10-08,2022,40,18,51
2022-10-15,2022,41,18,57
2022-10-22,2022,42,18,72
2022-10-29,2022,43,18,102
2022-11-05,2022,44,18,149
2022-11-12,2022,45,18,141
2022-11-19,2022,46,18,264
2022-11-26,2022,47,18,505
2022-12-03,2022,48,18,826
2022-12-10,2022,49,18,851
2022-12-17,2022,50,18,685
2022-12-24,2022,51,18,592
2022-12-31,2022,52,18,571
2023-01-07,2023,1,18,339
2023-01-14,2023,2,18,149
2023-01-21,2023,3,18,96
2023-01-28,2023,4,18,65
2023-02-04,2023,5,18,43
2023-02-11,2023,6,18,37
2023-02-18,2023,7,18,34
2023-02-25,2023,8,18,47
2023-03-04,2023,9,18,43
2023-03-11,2023,10,18,31
2023-03-18,2023,11,18,33
2023-03-25,2023,12,18,22
2023-04-01,2023,13,18,40
2023-04-08,2023,14,18,15
2023-04-15,2023,15,18,17
2023-04-22,2023,16,18,13
2023-04-29,2023,17,18,15
2023-05-06,2023,18,18,20
2023-05-13,2023,19,18,21
2023-05-20,2023,20,18,19
2023-05-27,2023,21,18,19
2022-02-12,2022,6,19,52
2022-02-19,2022,7,19,44
2022-02-26,2022,8,19,62
2022-03-05,2022,9,19,57
2022-03-12,2022,10,19,61
2022-03-19,2022,11,19,43
2022-03-26,2022,12,19,42
2022-04-02,2022,13,19,37
2022-04-09,2022,14,19,21
2022-04-16,2022,15,19,28
2022-04-23,2022,16,19,20
2022-04-30,2022,17,19,15
2022-05-07,2022,18,19,21
2022-05-14,2022,19,19,17
2022-05-21,2022,20,19,10
2022-05-28,2022,21,19,6
2022-06-04,2022,22,19,5
2022-06-11,2022,23,19,10
2022-06-18,2022,24,19,5
2022-06-25,2022,25,19,7
2022-07-02,2022,26,19,4
2022-07-09,2022,27,19,3
2022-07-16,2022,28,19,0
2022-07-23,2022,29,19,1
2022-07-30,2022,30,19,0
2022-08-06,2022,31,19,1
2022-08-13,2022,32,19,2
2022-08-20,2022,33,19,3
2022-08-27,2022,34,19,1
2022-09-03,2022,35,19,3
2022-09-10,2022,36,19,0
2022-09-17,2022,37,19,1
2022-09-24,2022,38,19,7
2022-10-01,2022,39,19,5
2022-10-08,2022,40,19,5
2022-10-15,2022,41,19,7
2022-10-22,2022,42,19,10
2022-10-29,2022,43,19,19
2022-11-05,2022,44,19,16
2022-11-12,2022,45,19,23
2022-11-19,2022,46,19,37
2022-11-26,2022,47,19,139
2022-12-03,2022,48,19,201
2022-12-10,2022,49,19,235
2022-12-17,2022,50,19,352
2022-12-24,2022,51,19,331
2022-12-31,2022,52,19,301
2023-01-07,2023,1,19,202
2023-01-14,2023,2,19,87
2023-01-21,2023,3,19,43
2023-01-28,2023,4,19,44
2023-02-04,2023,5,19,11
2023-02-11,2023,6,19,15
2023-02-18,2023,7,19,9
2023-02-25,2023,8,19,9
2023-03-04,2023,9,19,9
2023-03-11,2023,10,19,8
2023-03-18,2023,11,19,7
2023-03-25,2023,12,19,7
2023-04-01,2023,13,19,4
2023-04-08,2023,14,19,2
2023-04-15,2023,15,19,5
2023-04-22,2023,16,19,1
2023-04-29,2023,17,19,11
2023-05-06,2023,18,19,6
2023-05-13,2023,19,19,4
2023-05-20,2023,20,19,6
2023-05-27,2023,21,19,1
2022-02-12,2022,6,20,20
2022-02-19,2022,7,20,25
2022-02-26,2022,8,20,38
2022-03-05,2022,9,20,32
2022-03-12,2022,10,20,45
2022-03-19,2022,11,20,32
2022-03-26,2022,12,20,44
2022-04-02,2022,13,20,28
2022-04-09,2022,14,20,34
2022-04-16,2022,15,20,21
2022-04-23,2022,16,20,30
2022-04-30,2022,17,20,20
2022-05-07,2022,18,20,15
2022-05-14,2022,19,20,10
2022-05-21,2022,20,20,8
2022-05-28,2022,21,20,2
2022-06-04,2022,22,20,3
2022-06-11,2022,23,20,3
2022-06-18,2022,24,20,2
2022-06-25,2022,25,20,3
2022-07-02,2022,26,20,4
2022-07-09,2022,27,20,3
2022-07-16,2022,28,20,2
2022-07-23,2022,29,20,3
2022-07-30,2022,30,20,5
2022-08-06,2022,31,20,2
2022-08-13,2022,32,20,2
2022-08-20,2022,33,20,3
2022-08-27,2022,34,20,1
2022-09-03,2022,35,20,3
2022-09-10,2022,36,20,0
2022-09-17,2022,37,20,0
2022-09-24,2022,38,20,1
2022-10-01,2022,39,20,5
2022-10-08,2022,40,20,5
2022-10-15,2022,41,20,7
2022-10-22,2022,42,20,16
2022-10-29,2022,43,20,20
2022-11-05,2022,44,20,37
2022-11-12,2022,45,20,49
2022-11-19,2022,46,20,68
2022-11-26,2022,47,20,187
2022-12-03,2022,48,20,303
2022-12-10,2022,49,20,253
2022-12-17,2022,50,20,220
2022-12-24,2022,51,20,187
2022-12-31,2022,52,20,176
2023-01-07,2023,1,20,116
2023-01-14,2023,2,20,47
2023-01-21,2023,3,20,46
2023-01-28,2023,4,20,18
2023-02-04,2023,5,20,11
2023-02-11,2023,6,20,10
2023-02-18,2023,7,20,5
2023-02-25,2023,8,20,9
2023-03-04,2023,9,20,2
2023-03-11,2023,10,20,6
2023-03-18,2023,11,20,9
2023-03-25,2023,12,20,7
2023-04-01,2023,13,20,8
2023-04-08,2023,14,20,4
2023-04-15,2023,15,20,8
2023-04-22,2023,16,20,3
2023-04-29,2023,17,20,1
2023-05-06,2023,18,20,3
2023-05-13,2023,19,20,3
2023-05-20,2023,20,20,6
2023-05-27,2023,21,20,1
2022-02-12,2022,6,21,15
2022-02-19,2022,7,21,20
2022-02-26,2022,8,21,28
2022-03-05,2022,9,21,20
2022-03-12,2022,10,21,35
2022-03-19,2022,11,21,43
2022-03-26,2022,12,21,39
2022-04-02,2022,13,21,65
2022-04-09,2022,14,21,88
2022-04-16,2022,15,21,92
2022-04-23,2022,16,21,87
2022-04-30,2022,17,21,89
2022-05-07,2022,18,21,63
2022-05-14,2022,19,21,41
2022-05-21,2022,20,21,45
2022-05-28,2022,21,21,24
2022-06-04,2022,22,21,25
2022-06-11,2022,23,21,25
2022-06-18,2022,24,21,7
2022-06-25,2022,25,21,16
2022-07-02,2022,26,21,4
2022-07-09,2022,27,21,7
2022-07-16,2022,28,21,9
2022-07-23,2022,29,21,3
2022-07-30,2022,30,21,7
2022-08-06,2022,31,21,9
2022-08-13,2022,32,21,6
2022-08-20,2022,33,21,6
2022-08-27,2022,34,21,6
2022-09-03,2022,35,21,6
2022-09-10,2022,36,21,19
2022-09-17,2022,37,21,3
2022-09-24,2022,38,21,11
2022-10-01,2022,39,21,3
2022-10-08,2022,40,21,10
2022-10-15,2022,41,21,23
2022-10-22,2022,42,21,15
2022-10-29,2022,43,21,66
2022-11-05,2022,44,21,139
2022-11-12,2022,45,21,227
2022-11-19,2022,46,21,313
2022-11-26,2022,47,21,603
2022-12-03,2022,48,21,807
2022-12-10,2022,49,21,691
2022-12-17,2022,50,21,419
2022-12-24,2022,51,21,268
2022-12-31,2022,52,21,231
2023-01-07,2023,1,21,123
2023-01-14,2023,2,21,62
2023-01-21,2023,3,21,30
2023-01-28,2023,4,21,29
2023-02-04,2023,5,21,15
2023-02-11,2023,6,21,33
2023-02-18,2023,7,21,18
2023-02-25,2023,8,21,13
2023-03-04,2023,9,21,10
2023-03-11,2023,10,21,17
2023-03-18,2023,11,21,27
2023-03-25,2023,12,21,15
2023-04-01,2023,13,21,15
2023-04-08,2023,14,21,19
2023-04-15,2023,15,21,12
2023-04-22,2023,16,21,12
2023-04-29,2023,17,21,7
2023-05-06,2023,18,21,14
2023-05-13,2023,19,21,14
2023-05-20,2023,20,21,10
2023-05-27,2023,21,21,11
2022-02-12,2022,6,22,22
2022-02-19,2022,7,22,40
2022-02-26,2022,8,22,36
2022-03-05,2022,9,22,31
2022-03-12,2022,10,22,31
2022-03-19,2022,11,22,50
2022-03-26,2022,12,22,42
2022-04-02,2022,13,22,46
2022-04-09,2022,14,22,28
2022-04-16,2022,15,22,41
2022-04-23,2022,16,22,40
2022-04-30,2022,17,22,19
2022-05-07,2022,18,22,24
2022-05-14,2022,19,22,20
2022-05-21,2022,20,22,17
2022-05-28,2022,21,22,10
2022-06-04,2022,22,22,16
2022-06-11,2022,23,22,21
2022-06-18,2022,24,22,14
2022-06-25,2022,25,22,8
2022-07-02,2022,26,22,4
2022-07-09,2022,27,22,3
2022-07-16,2022,28,22,5
2022-07-23,2022,29,22,15
2022-07-30,2022,30,22,2
2022-08-06,2022,31,22,5
2022-08-13,2022,32,22,7
2022-08-20,2022,33,22,6
2022-08-27,2022,34,22,10
2022-09-03,2022,35,22,6
2022-09-10,2022,36,22,19
2022-09-17,2022,37,22,18
2022-09-24,2022,38,22,23
2022-10-01,2022,39,22,38
2022-10-08,2022,40,22,43
2022-10-15,2022,41,22,82
2022-10-22,2022,42,22,97
2022-10-29,2022,43,22,188
2022-11-05,2022,44,22,170
2022-11-12,2022,45,22,167
2022-11-19,2022,46,22,177
2022-11-26,2022,47,22,240
2022-12-03,2022,48,22,294
2022-12-10,2022,49,22,253
2022-12-17,2022,50,22,146
2022-12-24,2022,51,22,141
2022-12-31,2022,52,22,189
2023-01-07,2023,1,22,147
2023-01-14,2023,2,22,89
2023-01-21,2023,3,22,70
2023-01-28,2023,4,22,42
2023-02-04,2023,5,22,34
2023-02-11,2023,6,22,55
2023-02-18,2023,7,22,28
2023-02-25,2023,8,22,23
2023-03-04,2023,9,22,26
2023-03-11,2023,10,22,18
2023-03-18,2023,11,22,26
2023-03-25,2023,12,22,21
2023-04-01,2023,13,22,25
2023-04-08,2023,14,22,21
2023-04-15,2023,15,22,11
2023-04-22,2023,16,22,27
2023-04-29,2023,17,22,19
2023-05-06,2023,18,22,10
2023-05-13,2023,19,22,17
2023-05-20,2023,20,22,19
2023-05-27,2023,21,22,11
2022-02-12,2022,6,23,7
2022-02-19,2022,7,23,4
2022-02-26,2022,8,23,2
2022-03-05,2022,9,23,3
2022-03-12,2022,10,23,2
2022-03-19,2022,11,23,1
2022-03-26,2022,12,23,3
2022-04-02,2022,13,23,10
2022-04-09,2022,14,23,11
2022-04-16,2022,15,23,15
2022-04-23,2022,16,23,28
2022-04-30,2022,17,23,23
2022-05-07,2022,18,23,10
2022-05-14,2022,19,23,41
2022-05-21,2022,20,23,31
2022-05-28,2022,21,23,16
2022-06-04,2022,22,23,12
2022-06-11,2022,23,23,15
2022-06-18,2022,24,23,5
2022-06-25,2022,25,23,3
2022-07-02,2022,26,23,3
2022-07-09,2022,27,23,0
2022-07-16,2022,28,23,0
2022-07-23,2022,29,23,2
2022-07-30,2022,30,23,0
2022-08-06,2022,31,23,0
2022-08-13,2022,32,23,2
2022-08-20,2022,33,23,0
2022-08-27,2022,34,23,0
2022-09-03,2022,35,23,0
2022-09-10,2022,36,23,0
2022-09-17,2022,37,23,0
2022-09-24,2022,38,23,0
2022-10-01,2022,39,23,1
2022-10-08,2022,40,23,0
2022-10-15,2022,41,23,0
2022-10-22,2022,42,23,0
2022-10-29,2022,43,23,3
2022-11-05,2022,44,23,3
2022-11-12,2022,45,23,11
2022-11-19,2022,46,23,14
2022-11-26,2022,47,23,34
2022-12-03,2022,48,23,110
2022-12-10,2022,49,23,120
2022-12-17,2022,50,23,196
2022-12-24,2022,51,23,212
2022-12-31,2022,52,23,186
2023-01-07,2023,1,23,109
2023-01-14,2023,2,23,53
2023-01-21,2023,3,23,31
2023-01-28,2023,4,23,11
2023-02-04,2023,5,23,9
2023-02-11,2023,6,23,7
2023-02-18,2023,7,23,3
2023-02-25,2023,8,23,0
2023-03-04,2023,9,23,4
2023-03-11,2023,10,23,0
2023-03-18,2023,11,23,5
2023-03-25,2023,12,23,1
2023-04-01,2023,13,23,5
2023-04-08,2023,14,23,2
2023-04-15,2023,15,23,1
2023-04-22,2023,16,23,4
2023-04-29,2023,17,23,0
2023-05-06,2023,18,23,2
2023-05-13,2023,19,23,4
2023-05-20,2023,20,23,5
2023-05-27,2023,21,23,2
2022-02-12,2022,6,24,8
2022-02-19,2022,7,24,14
2022-02-26,2022,8,24,17
2022-03-05,2022,9,24,21
2022-03-12,2022,10,24,18
2022-03-19,2022,11,24,30
2022-03-26,2022,12,24,28
2022-04-02,2022,13,24,31
2022-04-09,2022,14,24,57
2022-04-16,2022,15,24,48
2022-04-23,2022,16,24,43
2022-04-30,2022,17,24,57
2022-05-07,2022,18,24,46
2022-05-14,2022,19,24,61
2022-05-21,2022,20,24,46
2022-05-28,2022,21,24,32
2022-06-04,2022,22,24,18
2022-06-11,2022,23,24,20
2022-06-18,2022,24,24,23
2022-06-25,2022,25,24,22
2022-07-02,2022,26,24,13
2022-07-09,2022,27,24,15
2022-07-16,2022,28,24,5
2022-07-23,2022,29,24,5
2022-07-30,2022,30,24,5
2022-08-06,2022,31,24,3
2022-08-13,2022,32,24,5
2022-08-20,2022,33,24,10
2022-08-27,2022,34,24,5
2022-09-03,2022,35,24,1
2022-09-10,2022,36,24,3
2022-09-17,2022,37,24,8
2022-09-24,2022,38,24,3
2022-10-01,2022,39,24,9
2022-10-08,2022,40,24,21
2022-10-15,2022,41,24,25
2022-10-22,2022,42,24,49
2022-10-29,2022,43,24,109
2022-11-05,2022,44,24,165
2022-11-12,2022,45,24,224
2022-11-19,2022,46,24,218
2022-11-26,2022,47,24,332
2022-12-03,2022,48,24,405
2022-12-10,2022,49,24,319
2022-12-17,2022,50,24,278
2022-12-24,2022,51,24,227
2022-12-31,2022,52,24,221
2023-01-07,2023,1,24,161
2023-01-14,2023,2,24,102
2023-01-21,2023,3,24,61
2023-01-28,2023,4,24,37
2023-02-04,2023,5,24,56
2023-02-11,2023,6,24,36
2023-02-18,2023,7,24,25
2023-02-25,2023,8,24,26
2023-03-04,2023,9,24,12
2023-03-11,2023,10,24,16
2023-03-18,2023,11,24,14
2023-03-25,2023,12,24,19
2023-04-01,2023,13,24,9
2023-04-08,2023,14,24,16
2023-04-15,2023,15,24,10
2023-04-22,2023,16,24,11
2023-04-29,2023,17,24,10
2023-05-06,2023,18,24,14
2023-05-13,2023,19,24,10
2023-05-20,2023,20,24,5
2023-05-27,2023,21,24,6
2022-02-12,2022,6,25,37
2022-02-19,2022,7,25,54
2022-02-26,2022,8,25,30
2022-03-05,2022,9,25,14
2022-03-12,2022,10,25,34
2022-03-19,2022,11,25,44
2022-03-26,2022,12,25,44
2022-04-02,2022,13,25,100
2022-04-09,2022,14,25,156
2022-04-16,2022,15,25,166
2022-04-23,2022,16,25,188
2022-04-30,2022,17,25,182
2022-05-07,2022,18,25,184
2022-05-14,2022,19,25,172
2022-05-21,2022,20,25,145
2022-05-28,2022,21,25,86
2022-06-04,2022,22,25,50
2022-06-11,2022,23,25,47
2022-06-18,2022,24,25,13
2022-06-25,2022,25,25,17
2022-07-02,2022,26,25,8
2022-07-09,2022,27,25,15
2022-07-16,2022,28,25,14
2022-07-23,2022,29,25,12
2022-07-30,2022,30,25,5
2022-08-06,2022,31,25,11
2022-08-13,2022,32,25,9
2022-08-20,2022,33,25,3
2022-08-27,2022,34,25,12
2022-09-03,2022,35,25,7
2022-09-10,2022,36,25,4
2022-09-17,2022,37,25,2
2022-09-24,2022,38,25,4
2022-10-01,2022,39,25,4
2022-10-08,2022,40,25,8
2022-10-15,2022,41,25,7
2022-10-22,2022,42,25,8
2022-10-29,2022,43,25,14
2022-11-05,2022,44,25,31
2022-11-12,2022,45,25,43
2022-11-19,2022,46,25,79
2022-11-26,2022,47,25,221
2022-12-03,2022,48,25,446
2022-12-10,2022,49,25,578
2022-12-17,2022,50,25,694
2022-12-24,2022,51,25,769
2022-12-31,2022,52,25,733
2023-01-07,2023,1,25,466
2023-01-14,2023,2,25,238
2023-01-21,2023,3,25,122
2023-01-28,2023,4,25,71
2023-02-04,2023,5,25,52
2023-02-11,2023,6,25,63
2023-02-18,2023,7,25,37
2023-02-25,2023,8,25,17
2023-03-04,2023,9,25,15
2023-03-11,2023,10,25,19
2023-03-18,2023,11,25,20
2023-03-25,2023,12,25,19
2023-04-01,2023,13,25,11
2023-04-08,2023,14,25,12
2023-04-15,2023,15,25,10
2023-04-22,2023,16,25,8
2023-04-29,2023,17,25,9
2023-05-06,2023,18,25,12
2023-05-13,2023,19,25,9
2023-05-20,2023,20,25,11
2023-05-27,2023,21,25,12
2022-02-12,2022,6,26,40
2022-02-19,2022,7,26,52
2022-02-26,2022,8,26,55
2022-03-05,2022,9,26,82
2022-03-12,2022,10,26,92
2022-03-19,2022,11,26,131
2022-03-26,2022,12,26,125
2022-04-02,2022,13,26,173
2022-04-09,2022,14,26,176
2022-04-16,2022,15,26,139
2022-04-23,2022,16,26,147
2022-04-30,2022,17,26,140
2022-05-07,2022,18,26,174
2022-05-14,2022,19,26,184
2022-05-21,2022,20,26,133
2022-05-28,2022,21,26,89
2022-06-04,2022,22,26,57
2022-06-11,2022,23,26,39
2022-06-18,2022,24,26,19
2022-06-25,2022,25,26,18
2022-07-02,2022,26,26,9
2022-07-09,2022,27,26,12
2022-07-16,2022,28,26,6
2022-07-23,2022,29,26,7
2022-07-30,2022,30,26,4
2022-08-06,2022,31,26,0
2022-08-13,2022,32,26,5
2022-08-20,2022,33,26,0
2022-08-27,2022,34,26,2
2022-09-03,2022,35,26,1
2022-09-10,2022,36,26,10
2022-09-17,2022,37,26,3
2022-09-24,2022,38,26,5
2022-10-01,2022,39,26,4
2022-10-08,2022,40,26,13
2022-10-15,2022,41,26,14
2022-10-22,2022,42,26,17
2022-10-29,2022,43,26,46
2022-11-05,2022,44,26,59
2022-11-12,2022,45,26,90
2022-11-19,2022,46,26,193
2022-11-26,2022,47,26,313
2022-12-03,2022,48,26,485
2022-12-10,2022,49,26,601
2022-12-17,2022,50,26,1001
2022-12-24,2022,51,26,1109
2022-12-31,2022,52,26,1137
2023-01-07,2023,1,26,641
2023-01-14,2023,2,26,290
2023-01-21,2023,3,26,150
2023-01-28,2023,4,26,86
2023-02-04,2023,5,26,86
2023-02-11,2023,6,26,51
2023-02-18,2023,7,26,58
2023-02-25,2023,8,26,57
2023-03-04,2023,9,26,44
2023-03-11,2023,10,26,41
2023-03-18,2023,11,26,31
2023-03-25,2023,12,26,19
2023-04-01,2023,13,26,17
2023-04-08,2023,14,26,27
2023-04-15,2023,15,26,15
2023-04-22,2023,16,26,8
2023-04-29,2023,17,26,7
2023-05-06,2023,18,26,16
2023-05-13,2023,19,26,17
2023-05-20,2023,20,26,14
2023-05-27,2023,21,26,18
2022-02-12,2022,6,27,19
2022-02-19,2022,7,27,28
2022-02-26,2022,8,27,19
2022-03-05,2022,9,27,31
2022-03-12,2022,10,27,35
2022-03-19,2022,11,27,29
2022-03-26,2022,12,27,37
2022-04-02,2022,13,27,34
2022-04-09,2022,14,27,24
2022-04-16,2022,15,27,28
2022-04-23,2022,16,27,36
2022-04-30,2022,17,27,29
2022-05-07,2022,18,27,30
2022-05-14,2022,19,27,15
2022-05-21,2022,20,27,12
2022-05-28,2022,21,27,14
2022-06-04,2022,22,27,4
2022-06-11,2022,23,27,5
2022-06-18,2022,24,27,9
2022-06-25,2022,25,27,0
2022-07-02,2022,26,27,1
2022-07-09,2022,27,27,2
2022-07-16,2022,28,27,2
2022-07-23,2022,29,27,3
2022-07-30,2022,30,27,3
2022-08-06,2022,31,27,2
2022-08-13,2022,32,27,5
2022-08-20,2022,33,27,1
2022-08-27,2022,34,27,0
2022-09-03,2022,35,27,1
2022-09-10,2022,36,27,1
2022-09-17,2022,37,27,0
2022-09-24,2022,38,27,3
2022-10-01,2022,39,27,2
2022-10-08,2022,40,27,11
2022-10-15,2022,41,27,7
2022-10-22,2022,42,27,11
2022-10-29,2022,43,27,43
2022-11-05,2022,44,27,85
2022-11-12,2022,45,27,182
2022-11-19,2022,46,27,268
2022-11-26,2022,47,27,382
2022-12-03,2022,48,27,447
2022-12-10,2022,49,27,325
2022-12-17,2022,50,27,236
2022-12-24,2022,51,27,162
2022-12-31,2022,52,27,164
2023-01-07,2023,1,27,75
2023-01-14,2023,2,27,48
2023-01-21,2023,3,27,25
2023-01-28,2023,4,27,15
2023-02-04,2023,5,27,16
2023-02-11,2023,6,27,9
2023-02-18,2023,7,27,8
2023-02-25,2023,8,27,8
2023-03-04,2023,9,27,7
2023-03-11,2023,10,27,4
2023-03-18,2023,11,27,6
2023-03-25,2023,12,27,6
2023-04-01,2023,13,27,9
2023-04-08,2023,14,27,14
2023-04-15,2023,15,27,11
2023-04-22,2023,16,27,6
2023-04-29,2023,17,27,14
2023-05-06,2023,18,27,20
2023-05-13,2023,19,27,11
2023-05-20,2023,20,27,7
2023-05-27,2023,21,27,3
2022-02-12,2022,6,28,22
2022-02-19,2022,7,28,27
2022-02-26,2022,8,28,31
2022-03-05,2022,9,28,34
2022-03-12,2022,10,28,32
2022-03-19,2022,11,28,36
2022-03-26,2022,12,28,38
2022-04-02,2022,13,28,20
2022-04-09,2022,14,28,34
2022-04-16,2022,15,28,23
2022-04-23,2022,16,28,20
2022-04-30,2022,17,28,26
2022-05-07,2022,18,28,21
2022-05-14,2022,19,28,30
2022-05-21,2022,20,28,27
2022-05-28,2022,21,28,22
2022-06-04,2022,22,28,23
2022-06-11,2022,23,28,13
2022-06-18,2022,24,28,19
2022-06-25,2022,25,28,19
2022-07-02,2022,26,28,17
2022-07-09,2022,27,28,24
2022-07-16,2022,28,28,18
2022-07-23,2022,29,28,24
2022-07-30,2022,30,28,17
2022-08-06,2022,31,28,21
2022-08-13,2022,32,28,13
2022-08-20,2022,33,28,16
2022-08-27,2022,34,28,15
2022-09-03,2022,35,28,19
2022-09-10,2022,36,28,22
2022-09-17,2022,37,28,32
2022-09-24,2022,38,28,20
2022-10-01,2022,39,28,35
2022-10-08,2022,40,28,58
2022-10-15,2022,41,28,70
2022-10-22,2022,42,28,90
2022-10-29,2022,43,28,165
2022-11-05,2022,44,28,255
2022-11-12,2022,45,28,258
2022-11-19,2022,46,28,243
2022-11-26,2022,47,28,282
2022-12-03,2022,48,28,258
2022-12-10,2022,49,28,171
2022-12-17,2022,50,28,133
2022-12-24,2022,51,28,87
2022-12-31,2022,52,28,122
2023-01-07,2023,1,28,86
2023-01-14,2023,2,28,47
2023-01-21,2023,3,28,58
2023-01-28,2023,4,28,30
2023-02-04,2023,5,28,27
2023-02-11,2023,6,28,19
2023-02-18,2023,7,28,33
2023-02-25,2023,8,28,31
2023-03-04,2023,9,28,34
2023-03-11,2023,10,28,30
2023-03-18,2023,11,28,23
2023-03-25,2023,12,28,15
2023-04-01,2023,13,28,20
2023-04-08,2023,14,28,26
2023-04-15,2023,15,28,19
2023-04-22,2023,16,28,30
2023-04-29,2023,17,28,15
2023-05-06,2023,18,28,20
2023-05-13,2023,19,28,28
2023-05-20,2023,20,28,22
2023-05-27,2023,21,28,16
2022-02-12,2022,6,29,42
2022-02-19,2022,7,29,60
2022-02-26,2022,8,29,57
2022-03-05,2022,9,29,77
2022-03-12,2022,10,29,67
2022-03-19,2022,11,29,96
2022-03-26,2022,12,29,84
2022-04-02,2022,13,29,97
2022-04-09,2022,14,29,78
2022-04-16,2022,15,29,78
2022-04-23,2022,16,29,70
2022-04-30,2022,17,29,59
2022-05-07,2022,18,29,68
2022-05-14,2022,19,29,39
2022-05-21,2022,20,29,37
2022-05-28,2022,21,29,20
2022-06-04,2022,22,29,33
2022-06-11,2022,23,29,19
2022-06-18,2022,24,29,24
2022-06-25,2022,25,29,18
2022-07-02,2022,26,29,14
2022-07-09,2022,27,29,15
2022-07-16,2022,28,29,14
2022-07-23,2022,29,29,18
2022-07-30,2022,30,29,14
2022-08-06,2022,31,29,22
2022-08-13,2022,32,29,17
2022-08-20,2022,33,29,11
2022-08-27,2022,34,29,6
2022-09-03,2022,35,29,10
2022-09-10,2022,36,29,4
2022-09-17,2022,37,29,6
2022-09-24,2022,38,29,7
2022-10-01,2022,39,29,14
2022-10-08,2022,40,29,6
2022-10-15,2022,41,29,12
2022-10-22,2022,42,29,23
2022-10-29,2022,43,29,56
2022-11-05,2022,44,29,71
2022-11-12,2022,45,29,115
2022-11-19,2022,46,29,221
2022-11-26,2022,47,29,548
2022-12-03,2022,48,29,861
2022-12-10,2022,49,29,861
2022-12-17,2022,50,29,717
2022-12-24,2022,51,29,548
2022-12-31,2022,52,29,642
2023-01-07,2023,1,29,370
2023-01-14,2023,2,29,176
2023-01-21,2023,3,29,94
2023-01-28,2023,4,29,68
2023-02-04,2023,5,29,52
2023-02-11,2023,6,29,39
2023-02-18,2023,7,29,45
2023-02-25,2023,8,29,33
2023-03-04,2023,9,29,38
2023-03-11,2023,10,29,37
2023-03-18,2023,11,29,22
2023-03-25,2023,12,29,31
2023-04-01,2023,13,29,29
2023-04-08,2023,14,29,29
2023-04-15,2023,15,29,19
2023-04-22,2023,16,29,22
2023-04-29,2023,17,29,24
2023-05-06,2023,18,29,24
2023-05-13,2023,19,29,25
2023-05-20,2023,20,29,18
2023-05-27,2023,21,29,9
2022-02-12,2022,6,30,13
2022-02-19,2022,7,30,9
2022-02-26,2022,8,30,15
2022-03-05,2022,9,30,19
2022-03-12,2022,10,30,15
2022-03-19,2022,11,30,17
2022-03-26,2022,12,30,21
2022-04-02,2022,13,30,36
2022-04-09,2022,14,30,18
2022-04-16,2022,15,30,18
2022-04-23,2022,16,30,19
2022-04-30,2022,17,30,17
2022-05-07,2022,18,30,21
2022-05-14,2022,19,30,11
2022-05-21,2022,20,30,7
2022-05-28,2022,21,30,14
2022-06-04,2022,22,30,22
2022-06-11,2022,23,30,10
2022-06-18,2022,24,30,1
2022-06-25,2022,25,30,0
2022-07-02,2022,26,30,4
2022-07-09,2022,27,30,3
2022-07-16,2022,28,30,1
2022-07-23,2022,29,30,0
2022-07-30,2022,30,30,0
2022-08-06,2022,31,30,0
2022-08-13,2022,32,30,0
2022-08-20,2022,33,30,1
2022-08-27,2022,34,30,0
2022-09-03,2022,35,30,0
2022-09-10,2022,36,30,0
2022-09-17,2022,37,30,1
2022-09-24,2022,38,30,0
2022-10-01,2022,39,30,2
2022-10-08,2022,40,30,0
2022-10-15,2022,41,30,0
2022-10-22,2022,42,30,0
2022-10-29,2022,43,30,5
2022-11-05,2022,44,30,5
2022-11-12,2022,45,30,12
2022-11-19,2022,46,30,12
2022-11-26,2022,47,30,50
2022-12-03,2022,48,30,71
2022-12-10,2022,49,30,104
2022-12-17,2022,50,30,96
2022-12-24,2022,51,30,64
2022-12-31,2022,52,30,86
2023-01-07,2023,1,30,58
2023-01-14,2023,2,30,37
2023-01-21,2023,3,30,13
2023-01-28,2023,4,30,10
2023-02-04,2023,5,30,9
2023-02-11,2023,6,30,3
2023-02-18,2023,7,30,4
2023-02-25,2023,8,30,3
2023-03-04,2023,9,30,6
2023-03-11,2023,10,30,4
2023-03-18,2023,11,30,1
2023-03-25,2023,12,30,1
2023-04-01,2023,13,30,1
2023-04-08,2023,14,30,0
2023-04-15,2023,15,30,1
2023-04-22,2023,16,30,1
2023-04-29,2023,17,30,0
2023-05-06,2023,18,30,0
2023-05-13,2023,19,30,0
2023-05-20,2023,20,30,2
2023-05-27,2023,21,30,3
2022-02-12,2022,6,31,29
2022-02-19,2022,7,31,34
2022-02-26,2022,8,31,36
2022-03-05,2022,9,31,60
2022-03-12,2022,10,31,39
2022-03-19,2022,11,31,70
2022-03-26,2022,12,31,50
2022-04-02,2022,13,31,22
2022-04-09,2022,14,31,35
2022-04-16,2022,15,31,29
2022-04-23,2022,16,31,19
2022-04-30,2022,17,31,14
2022-05-07,2022,18,31,4
2022-05-14,2022,19,31,4
2022-05-21,2022,20,31,7
2022-05-28,2022,21,31,3
2022-06-04,2022,22,31,9
2022-06-11,2022,23,31,6
2022-06-18,2022,24,31,3
2022-06-25,2022,25,31,7
2022-07-02,2022,26,31,8
2022-07-09,2022,27,31,8
2022-07-16,2022,28,31,4
2022-07-23,2022,29,31,1
2022-07-30,2022,30,31,4
2022-08-06,2022,31,31,2
2022-08-13,2022,32,31,0
2022-08-20,2022,33,31,7
2022-08-27,2022,34,31,8
2022-09-03,2022,35,31,8
2022-09-10,2022,36,31,4
2022-09-17,2022,37,31,7
2022-09-24,2022,38,31,9
2022-10-01,2022,39,31,11
2022-10-08,2022,40,31,22
2022-10-15,2022,41,31,9
2022-10-22,2022,42,31,14
2022-10-29,2022,43,31,16
2022-11-05,2022,44,31,28
2022-11-12,2022,45,31,21
2022-11-19,2022,46,31,43
2022-11-26,2022,47,31,62
2022-12-03,2022,48,31,97
2022-12-10,2022,49,31,133
2022-12-17,2022,50,31,173
2022-12-24,2022,51,31,138
2022-12-31,2022,52,31,136
2023-01-07,2023,1,31,93
2023-01-14,2023,2,31,58
2023-01-21,2023,3,31,57
2023-01-28,2023,4,31,19
2023-02-04,2023,5,31,8
2023-02-11,2023,6,31,0
2023-02-18,2023,7,31,6
2023-02-25,2023,8,31,11
2023-03-04,2023,9,31,6
2023-03-11,2023,10,31,13
2023-03-18,2023,11,31,11
2023-03-25,2023,12,31,9
2023-04-01,2023,13,31,9
2023-04-08,2023,14,31,6
2023-04-15,2023,15,31,4
2023-04-22,2023,16,31,7
2023-04-29,2023,17,31,4
2023-05-06,2023,18,31,1
2023-05-13,2023,19,31,4
2023-05-20,2023,20,31,2
2023-05-27,2023,21,31,8
2022-02-12,2022,6,32,6
2022-02-19,2022,7,32,8
2022-02-26,2022,8,32,9
2022-03-05,2022,9,32,20
2022-03-12,2022,10,32,25
2022-03-19,2022,11,32,37
2022-03-26,2022,12,32,43
2022-04-02,2022,13,32,59
2022-04-09,2022,14,32,96
2022-04-16,2022,15,32,73
2022-04-23,2022,16,32,76
2022-04-30,2022,17,32,53
2022-05-07,2022,18,32,44
2022-05-14,2022,19,32,81
2022-05-21,2022,20,32,85
2022-05-28,2022,21,32,76
2022-06-04,2022,22,32,64
2022-06-11,2022,23,32,86
2022-06-18,2022,24,32,48
2022-06-25,2022,25,32,30
2022-07-02,2022,26,32,24
2022-07-09,2022,27,32,18
2022-07-16,2022,28,32,16
2022-07-23,2022,29,32,3
2022-07-30,2022,30,32,6
2022-08-06,2022,31,32,1
2022-08-13,2022,32,32,1
2022-08-20,2022,33,32,2
2022-08-27,2022,34,32,7
2022-09-03,2022,35,32,3
2022-09-10,2022,36,32,6
2022-09-17,2022,37,32,8
2022-09-24,2022,38,32,9
2022-10-01,2022,39,32,14
2022-10-08,2022,40,32,37
2022-10-15,2022,41,32,8
2022-10-22,2022,42,32,14
2022-10-29,2022,43,32,12
2022-11-05,2022,44,32,31
2022-11-12,2022,45,32,80
2022-11-19,2022,46,32,157
2022-11-26,2022,47,32,252
2022-12-03,2022,48,32,397
2022-12-10,2022,49,32,366
2022-12-17,2022,50,32,231
2022-12-24,2022,51,32,232
2022-12-31,2022,52,32,169
2023-01-07,2023,1,32,107
2023-01-14,2023,2,32,29
2023-01-21,2023,3,32,21
2023-01-28,2023,4,32,11
2023-02-04,2023,5,32,6
2023-02-11,2023,6,32,10
2023-02-18,2023,7,32,11
2023-02-25,2023,8,32,3
2023-03-04,2023,9,32,4
2023-03-11,2023,10,32,3
2023-03-18,2023,11,32,6
2023-03-25,2023,12,32,10
2023-04-01,2023,13,32,3
2023-04-08,2023,14,32,7
2023-04-15,2023,15,32,4
2023-04-22,2023,16,32,0
2023-04-29,2023,17,32,6
2023-05-06,2023,18,32,5
2023-05-13,2023,19,32,6
2023-05-20,2023,20,32,4
2023-05-27,2023,21,32,5
2022-02-12,2022,6,33,11
2022-02-19,2022,7,33,7
2022-02-26,2022,8,33,4
2022-03-05,2022,9,33,3
2022-03-12,2022,10,33,17
2022-03-19,2022,11,33,8
2022-03-26,2022,12,33,9
2022-04-02,2022,13,33,9
2022-04-09,2022,14,33,16
2022-04-16,2022,15,33,19
2022-04-23,2022,16,33,32
2022-04-30,2022,17,33,30
2022-05-07,2022,18,33,26
2022-05-14,2022,19,33,15
2022-05-21,2022,20,33,14
2022-05-28,2022,21,33,10
2022-06-04,2022,22,33,8
2022-06-11,2022,23,33,4
2022-06-18,2022,24,33,2
2022-06-25,2022,25,33,1
2022-07-02,2022,26,33,3
2022-07-09,2022,27,33,1
2022-07-16,2022,28,33,0
2022-07-23,2022,29,33,2
2022-07-30,2022,30,33,2
2022-08-06,2022,31,33,1
2022-08-13,2022,32,33,1
2022-08-20,2022,33,33,0
2022-08-27,2022,34,33,0
2022-09-03,2022,35,33,0
2022-09-10,2022,36,33,0
2022-09-17,2022,37,33,3
2022-09-24,2022,38,33,2
2022-10-01,2022,39,33,0
2022-10-08,2022,40,33,0
2022-10-15,2022,41,33,0
2022-10-22,2022,42,33,1
2022-10-29,2022,43,33,0
2022-11-05,2022,44,33,3
2022-11-12,2022,45,33,5
2022-11-19,2022,46,33,7
2022-11-26,2022,47,33,12
2022-12-03,2022,48,33,36
2022-12-10,2022,49,33,73
2022-12-17,2022,50,33,87
2022-12-24,2022,51,33,120
2022-12-31,2022,52,33,142
2023-01-07,2023,1,33,100
2023-01-14,2023,2,33,44
2023-01-21,2023,3,33,20
2023-01-28,2023,4,33,20
2023-02-04,2023,5,33,1
2023-02-11,2023,6,33,9
2023-02-18,2023,7,33,4
2023-02-25,2023,8,33,2
2023-03-04,2023,9,33,1
2023-03-11,2023,10,33,6
2023-03-18,2023,11,33,9
2023-03-25,2023,12,33,9
2023-04-01,2023,13,33,9
2023-04-08,2023,14,33,5
2023-04-15,2023,15,33,0
2023-04-22,2023,16,33,1
2023-04-29,2023,17,33,3
2023-05-06,2023,18,33,2
2023-05-13,2023,19,33,1
2023-05-20,2023,20,33,1
2023-05-27,2023,21,33,3
2022-02-12,2022,6,34,25
2022-02-19,2022,7,34,32
2022-02-26,2022,8,34,35
2022-03-05,2022,9,34,41
2022-03-12,2022,10,34,39
2022-03-19,2022,11,34,52
2022-03-26,2022,12,34,63
2022-04-02,2022,13,34,94
2022-04-09,2022,14,34,152
2022-04-16,2022,15,34,130
2022-04-23,2022,16,34,131
2022-04-30,2022,17,34,129
2022-05-07,2022,18,34,116
2022-05-14,2022,19,34,108
2022-05-21,2022,20,34,82
2022-05-28,2022,21,34,79
2022-06-04,2022,22,34,48
2022-06-11,2022,23,34,50
2022-06-18,2022,24,34,49
2022-06-25,2022,25,34,17
2022-07-02,2022,26,34,17
2022-07-09,2022,27,34,18
2022-07-16,2022,28,34,20
2022-07-23,2022,29,34,7
2022-07-30,2022,30,34,10
2022-08-06,2022,31,34,19
2022-08-13,2022,32,34,6
2022-08-20,2022,33,34,15
2022-08-27,2022,34,34,12
2022-09-03,2022,35,34,9
2022-09-10,2022,36,34,13
2022-09-17,2022,37,34,9
2022-09-24,2022,38,34,19
2022-10-01,2022,39,34,17
2022-10-08,2022,40,34,28
2022-10-15,2022,41,34,31
2022-10-22,2022,42,34,32
2022-10-29,2022,43,34,76
2022-11-05,2022,44,34,183
2022-11-12,2022,45,34,309
2022-11-19,2022,46,34,324
2022-11-26,2022,47,34,581
2022-12-03,2022,48,34,892
2022-12-10,2022,49,34,738
2022-12-17,2022,50,34,601
2022-12-24,2022,51,34,522
2022-12-31,2022,52,34,505
2023-01-07,2023,1,34,316
2023-01-14,2023,2,34,157
2023-01-21,2023,3,34,102
2023-01-28,2023,4,34,70
2023-02-04,2023,5,34,31
2023-02-11,2023,6,34,28
2023-02-18,2023,7,34,56
2023-02-25,2023,8,34,41
2023-03-04,2023,9,34,27
2023-03-11,2023,10,34,25
2023-03-18,2023,11,34,22
2023-03-25,2023,12,34,45
2023-04-01,2023,13,34,37
2023-04-08,2023,14,34,41
2023-04-15,2023,15,34,43
2023-04-22,2023,16,34,35
2023-04-29,2023,17,34,12
2023-05-06,2023,18,34,21
2023-05-13,2023,19,34,22
2023-05-20,2023,20,34,15
2023-05-27,2023,21,34,18
2022-02-12,2022,6,35,7
2022-02-19,2022,7,35,8
2022-02-26,2022,8,35,3
2022-03-05,2022,9,35,6
2022-03-12,2022,10,35,8
2022-03-19,2022,11,35,17
2022-03-26,2022,12,35,43
2022-04-02,2022,13,35,40
2022-04-09,2022,14,35,42
2022-04-16,2022,15,35,28
2022-04-23,2022,16,35,48
2022-04-30,2022,17,35,55
2022-05-07,2022,18,35,69
2022-05-14,2022,19,35,34
2022-05-21,2022,20,35,69
2022-05-28,2022,21,35,50
2022-06-04,2022,22,35,54
2022-06-11,2022,23,35,27
2022-06-18,2022,24,35,16
2022-06-25,2022,25,35,8
2022-07-02,2022,26,35,14
2022-07-09,2022,27,35,0
2022-07-16,2022,28,35,6
2022-07-23,2022,29,35,5
2022-07-30,2022,30,35,3
2022-08-06,2022,31,35,6
2022-08-13,2022,32,35,7
2022-08-20,2022,33,35,7
2022-08-27,2022,34,35,6
2022-09-03,2022,35,35,21
2022-09-10,2022,36,35,7
2022-09-17,2022,37,35,4
2022-09-24,2022,38,35,9
2022-10-01,2022,39,35,12
2022-10-08,2022,40,35,27
2022-10-15,2022,41,35,22
2022-10-22,2022,42,35,29
2022-10-29,2022,43,35,56
2022-11-05,2022,44,35,97
2022-11-12,2022,45,35,154
2022-11-19,2022,46,35,159
2022-11-26,2022,47,35,190
2022-12-03,2022,48,35,371
2022-12-10,2022,49,35,417
2022-12-17,2022,50,35,351
2022-12-24,2022,51,35,352
2022-12-31,2022,52,35,269
2023-01-07,2023,1,35,163
2023-01-14,2023,2,35,43
2023-01-21,2023,3,35,30
2023-01-28,2023,4,35,17
2023-02-04,2023,5,35,9
2023-02-11,2023,6,35,9
2023-02-18,2023,7,35,3
2023-02-25,2023,8,35,12
2023-03-04,2023,9,35,15
2023-03-11,2023,10,35,5
2023-03-18,2023,11,35,3
2023-03-25,2023,12,35,4
2023-04-01,2023,13,35,8
2023-04-08,2023,14,35,1
2023-04-15,2023,15,35,4
2023-04-22,2023,16,35,8
2023-04-29,2023,17,35,2
2023-05-06,2023,18,35,1
2023-05-13,2023,19,35,1
2023-05-20,2023,20,35,4
2023-05-27,2023,21,35,3
2022-02-12,2022,6,36,34
2022-02-19,2022,7,36,30
2022-02-26,2022,8,36,38
2022-03-05,2022,9,36,56
2022-03-12,2022,10,36,57
2022-03-19,2022,11,36,101
2022-03-26,2022,12,36,87
2022-04-02,2022,13,36,180
2022-04-09,2022,14,36,191
2022-04-16,2022,15,36,245
2022-04-23,2022,16,36,302
2022-04-30,2022,17,36,265
2022-05-07,2022,18,36,239
2022-05-14,2022,19,36,201
2022-05-21,2022,20,36,177
2022-05-28,2022,21,36,169
2022-06-04,2022,22,36,119
2022-06-11,2022,23,36,102
2022-06-18,2022,24,36,89
2022-06-25,2022,25,36,63
2022-07-02,2022,26,36,43
2022-07-09,2022,27,36,35
2022-07-16,2022,28,36,36
2022-07-23,2022,29,36,12
2022-07-30,2022,30,36,15
2022-08-06,2022,31,36,11
2022-08-13,2022,32,36,10
2022-08-20,2022,33,36,19
2022-08-27,2022,34,36,26
2022-09-03,2022,35,36,21
2022-09-10,2022,36,36,14
2022-09-17,2022,37,36,20
2022-09-24,2022,38,36,12
2022-10-01,2022,39,36,29
2022-10-08,2022,40,36,38
2022-10-15,2022,41,36,49
2022-10-22,2022,42,36,49
2022-10-29,2022,43,36,107
2022-11-05,2022,44,36,206
2022-11-12,2022,45,36,300
2022-11-19,2022,46,36,508
2022-11-26,2022,47,36,871
2022-12-03,2022,48,36,1350
2022-12-10,2022,49,36,1531
2022-12-17,2022,50,36,1741
2022-12-24,2022,51,36,1485
2022-12-31,2022,52,36,1273
2023-01-07,2023,1,36,797
2023-01-14,2023,2,36,425
2023-01-21,2023,3,36,243
2023-01-28,2023,4,36,154
2023-02-04,2023,5,36,94
2023-02-11,2023,6,36,98
2023-02-18,2023,7,36,84
2023-02-25,2023,8,36,50
2023-03-04,2023,9,36,51
2023-03-11,2023,10,36,57
2023-03-18,2023,11,36,64
2023-03-25,2023,12,36,73
2023-04-01,2023,13,36,78
2023-04-08,2023,14,36,76
2023-04-15,2023,15,36,74
2023-04-22,2023,16,36,45
2023-04-29,2023,17,36,40
2023-05-06,2023,18,36,50
2023-05-13,2023,19,36,48
2023-05-20,2023,20,36,53
2023-05-27,2023,21,36,59
2022-02-12,2022,6,37,32
2022-02-19,2022,7,37,32
2022-02-26,2022,8,37,36
2022-03-05,2022,9,37,54
2022-03-12,2022,10,37,52
2022-03-19,2022,11,37,15
2022-03-26,2022,12,37,25
2022-04-02,2022,13,37,37
2022-04-09,2022,14,37,45
2022-04-16,2022,15,37,53
2022-04-23,2022,16,37,56
2022-04-30,2022,17,37,60
2022-05-07,2022,18,37,51
2022-05-14,2022,19,37,47
2022-05-21,2022,20,37,54
2022-05-28,2022,21,37,34
2022-06-04,2022,22,37,30
2022-06-11,2022,23,37,45
2022-06-18,2022,24,37,73
2022-06-25,2022,25,37,48
2022-07-02,2022,26,37,41
2022-07-09,2022,27,37,19
2022-07-16,2022,28,37,41
2022-07-23,2022,29,37,41
2022-07-30,2022,30,37,8
2022-08-06,2022,31,37,2
2022-08-13,2022,32,37,12
2022-08-20,2022,33,37,13
2022-08-27,2022,34,37,13
2022-09-03,2022,35,37,8
2022-09-10,2022,36,37,14
2022-09-17,2022,37,37,17
2022-09-24,2022,38,37,13
2022-10-01,2022,39,37,21
2022-10-08,2022,40,37,22
2022-10-15,2022,41,37,32
2022-10-22,2022,42,37,79
2022-10-29,2022,43,37,211
2022-11-05,2022,44,37,281
2022-11-12,2022,45,37,371
2022-11-19,2022,46,37,369
2022-11-26,2022,47,37,467
2022-12-03,2022,48,37,600
2022-12-10,2022,49,37,385
2022-12-17,2022,50,37,315
2022-12-24,2022,51,37,296
2022-12-31,2022,52,37,308
2023-01-07,2023,1,37,194
2023-01-14,2023,2,37,124
2023-01-21,2023,3,37,59
2023-01-28,2023,4,37,34
2023-02-04,2023,5,37,45
2023-02-11,2023,6,37,55
2023-02-18,2023,7,37,42
2023-02-25,2023,8,37,30
2023-03-04,2023,9,37,34
2023-03-11,2023,10,37,28
2023-03-18,2023,11,37,30
2023-03-25,2023,12,37,18
2023-04-01,2023,13,37,10
2023-04-08,2023,14,37,27
2023-04-15,2023,15,37,21
2023-04-22,2023,16,37,15
2023-04-29,2023,17,37,7
2023-05-06,2023,18,37,8
2023-05-13,2023,19,37,17
2023-05-20,2023,20,37,10
2023-05-27,2023,21,37,6
2022-02-12,2022,6,38,5
2022-02-19,2022,7,38,5
2022-02-26,2022,8,38,0
2022-03-05,2022,9,38,2
2022-03-12,2022,10,38,6
2022-03-19,2022,11,38,4
2022-03-26,2022,12,38,5
2022-04-02,2022,13,38,3
2022-04-09,2022,14,38,5
2022-04-16,2022,15,38,7
2022-04-23,2022,16,38,5
2022-04-30,2022,17,38,2
2022-05-07,2022,18,38,1
2022-05-14,2022,19,38,1
2022-05-21,2022,20,38,1
2022-05-28,2022,21,38,0
2022-06-04,2022,22,38,3
2022-06-11,2022,23,38,2
2022-06-18,2022,24,38,0
2022-06-25,2022,25,38,0
2022-07-02,2022,26,38,0
2022-07-09,2022,27,38,0
2022-07-16,2022,28,38,1
2022-07-23,2022,29,38,2
2022-07-30,2022,30,38,0
2022-08-06,2022,31,38,2
2022-08-13,2022,32,38,2
2022-08-20,2022,33,38,0
2022-08-27,2022,34,38,0
2022-09-03,2022,35,38,3
2022-09-10,2022,36,38,0
2022-09-17,2022,37,38,0
2022-09-24,2022,38,38,1
2022-10-01,2022,39,38,0
2022-10-08,2022,40,38,0
2022-10-15,2022,41,38,2
2022-10-22,2022,42,38,1
2022-10-29,2022,43,38,2
2022-11-05,2022,44,38,5
2022-11-12,2022,45,38,10
2022-11-19,2022,46,38,12
2022-11-26,2022,47,38,28
2022-12-03,2022,48,38,49
2022-12-10,2022,49,38,59
2022-12-17,2022,50,38,95
2022-12-24,2022,51,38,70
2022-12-31,2022,52,38,81
2023-01-07,2023,1,38,69
2023-01-14,2023,2,38,48
2023-01-21,2023,3,38,28
2023-01-28,2023,4,38,21
2023-02-04,2023,5,38,8
2023-02-11,2023,6,38,19
2023-02-18,2023,7,38,8
2023-02-25,2023,8,38,9
2023-03-04,2023,9,38,4
2023-03-11,2023,10,38,6
2023-03-18,2023,11,38,10
2023-03-25,2023,12,38,0
2023-04-01,2023,13,38,0
2023-04-08,2023,14,38,8
2023-04-15,2023,15,38,4
2023-04-22,2023,16,38,5
2023-04-29,2023,17,38,3
2023-05-06,2023,18,38,8
2023-05-13,2023,19,38,1
2023-05-20,2023,20,38,4
2023-05-27,2023,21,38,3
2022-02-12,2022,6,39,29
2022-02-19,2022,7,39,41
2022-02-26,2022,8,39,33
2022-03-05,2022,9,39,50
2022-03-12,2022,10,39,86
2022-03-19,2022,11,39,104
2022-03-26,2022,12,39,106
2022-04-02,2022,13,39,100
2022-04-09,2022,14,39,135
2022-04-16,2022,15,39,123
2022-04-23,2022,16,39,136
2022-04-30,2022,17,39,100
2022-05-07,2022,18,39,104
2022-05-14,2022,19,39,82
2022-05-21,2022,20,39,61
2022-05-28,2022,21,39,47
2022-06-04,2022,22,39,41
2022-06-11,2022,23,39,25
2022-06-18,2022,24,39,24
2022-06-25,2022,25,39,12
2022-07-02,2022,26,39,18
2022-07-09,2022,27,39,4
2022-07-16,2022,28,39,8
2022-07-23,2022,29,39,12
2022-07-30,2022,30,39,7
2022-08-06,2022,31,39,3
2022-08-13,2022,32,39,1
2022-08-20,2022,33,39,12
2022-08-27,2022,34,39,14
2022-09-03,2022,35,39,13
2022-09-10,2022,36,39,16
2022-09-17,2022,37,39,5
2022-09-24,2022,38,39,12
2022-10-01,2022,39,39,17
2022-10-08,2022,40,39,18
2022-10-15,2022,41,39,32
2022-10-22,2022,42,39,39
2022-10-29,2022,43,39,115
2022-11-05,2022,44,39,211
2022-11-12,2022,45,39,244
2022-11-19,2022,46,39,329
2022-11-26,2022,47,39,646
2022-12-03,2022,48,39,966
2022-12-10,2022,49,39,952
2022-12-17,2022,50,39,982
2022-12-24,2022,51,39,783
2022-12-31,2022,52,39,688
2023-01-07,2023,1,39,429
2023-01-14,2023,2,39,179
2023-01-21,2023,3,39,107
2023-01-28,2023,4,39,66
2023-02-04,2023,5,39,63
2023-02-11,2023,6,39,46
2023-02-18,2023,7,39,42
2023-02-25,2023,8,39,24
2023-03-04,2023,9,39,24
2023-03-11,2023,10,39,26
2023-03-18,2023,11,39,32
2023-03-25,2023,12,39,34
2023-04-01,2023,13,39,30
2023-04-08,2023,14,39,13
2023-04-15,2023,15,39,26
2023-04-22,2023,16,39,18
2023-04-29,2023,17,39,18
2023-05-06,2023,18,39,16
2023-05-13,2023,19,39,18
2023-05-20,2023,20,39,9
2023-05-27,2023,21,39,18
2022-02-12,2022,6,40,70
2022-02-19,2022,7,40,78
2022-02-26,2022,8,40,81
2022-03-05,2022,9,40,95
2022-03-12,2022,10,40,129
2022-03-19,2022,11,40,167
2022-03-26,2022,12,40,163
2022-04-02,2022,13,40,164
2022-04-09,2022,14,40,117
2022-04-16,2022,15,40,107
2022-04-23,2022,16,40,76
2022-04-30,2022,17,40,43
2022-05-07,2022,18,40,35
2022-05-14,2022,19,40,51
2022-05-21,2022,20,40,36
2022-05-28,2022,21,40,35
2022-06-04,2022,22,40,37
2022-06-11,2022,23,40,26
2022-06-18,2022,24,40,28
2022-06-25,2022,25,40,30
2022-07-02,2022,26,40,25
2022-07-09,2022,27,40,26
2022-07-16,2022,28,40,22
2022-07-23,2022,29,40,6
2022-07-30,2022,30,40,6
2022-08-06,2022,31,40,24
2022-08-13,2022,32,40,9
2022-08-20,2022,33,40,7
2022-08-27,2022,34,40,10
2022-09-03,2022,35,40,9
2022-09-10,2022,36,40,10
2022-09-17,2022,37,40,9
2022-09-24,2022,38,40,8
2022-10-01,2022,39,40,6
2022-10-08,2022,40,40,7
2022-10-15,2022,41,40,17
2022-10-22,2022,42,40,36
2022-10-29,2022,43,40,59
2022-11-05,2022,44,40,46
2022-11-12,2022,45,40,85
2022-11-19,2022,46,40,177
2022-11-26,2022,47,40,426
2022-12-03,2022,48,40,829
2022-12-10,2022,49,40,871
2022-12-17,2022,50,40,764
2022-12-24,2022,51,40,682
2022-12-31,2022,52,40,700
2023-01-07,2023,1,40,481
2023-01-14,2023,2,40,268
2023-01-21,2023,3,40,139
2023-01-28,2023,4,40,97
2023-02-04,2023,5,40,75
2023-02-11,2023,6,40,52
2023-02-18,2023,7,40,42
2023-02-25,2023,8,40,35
2023-03-04,2023,9,40,27
2023-03-11,2023,10,40,27
2023-03-18,2023,11,40,22
2023-03-25,2023,12,40,23
2023-04-01,2023,13,40,22
2023-04-08,2023,14,40,22
2023-04-15,2023,15,40,17
2023-04-22,2023,16,40,17
2023-04-29,2023,17,40,22
2023-05-06,2023,18,40,9
2023-05-13,2023,19,40,14
2023-05-20,2023,20,40,26
2023-05-27,2023,21,40,16
2022-02-12,2022,6,41,2
2022-02-19,2022,7,41,6
2022-02-26,2022,8,41,3
2022-03-05,2022,9,41,2
2022-03-12,2022,10,41,9
2022-03-19,2022,11,41,19
2022-03-26,2022,12,41,23
2022-04-02,2022,13,41,10
2022-04-09,2022,14,41,15
2022-04-16,2022,15,41,15
2022-04-23,2022,16,41,29
2022-04-30,2022,17,41,20
2022-05-07,2022,18,41,30
2022-05-14,2022,19,41,30
2022-05-21,2022,20,41,38
2022-05-28,2022,21,41,29
2022-06-04,2022,22,41,29
2022-06-11,2022,23,41,16
2022-06-18,2022,24,41,12
2022-06-25,2022,25,41,7
2022-07-02,2022,26,41,2
2022-07-09,2022,27,41,0
2022-07-16,2022,28,41,7
2022-07-23,2022,29,41,1
2022-07-30,2022,30,41,2
2022-08-06,2022,31,41,0
2022-08-13,2022,32,41,2
2022-08-20,2022,33,41,0
2022-08-27,2022,34,41,0
2022-09-03,2022,35,41,0
2022-09-10,2022,36,41,1
2022-09-17,2022,37,41,1
2022-09-24,2022,38,41,1
2022-10-01,2022,39,41,1
2022-10-08,2022,40,41,1
2022-10-15,2022,41,41,2
2022-10-22,2022,42,41,6
2022-10-29,2022,43,41,5
2022-11-05,2022,44,41,46
2022-11-12,2022,45,41,45
2022-11-19,2022,46,41,129
2022-11-26,2022,47,41,406
2022-12-03,2022,48,41,546
2022-12-10,2022,49,41,698
2022-12-17,2022,50,41,652
2022-12-24,2022,51,41,443
2022-12-31,2022,52,41,344
2023-01-07,2023,1,41,130
2023-01-14,2023,2,41,62
2023-01-21,2023,3,41,25
2023-01-28,2023,4,41,10
2023-02-04,2023,5,41,10
2023-02-11,2023,6,41,6
2023-02-18,2023,7,41,5
2023-02-25,2023,8,41,5
2023-03-04,2023,9,41,8
2023-03-11,2023,10,41,4
2023-03-18,2023,11,41,7
2023-03-25,2023,12,41,3
2023-04-01,2023,13,41,5
2023-04-08,2023,14,41,5
2023-04-15,2023,15,41,2
2023-04-22,2023,16,41,1
2023-04-29,2023,17,41,4
2023-05-06,2023,18,41,2
2023-05-13,2023,19,41,0
2023-05-20,2023,20,41,2
2023-05-27,2023,21,41,3
2022-02-12,2022,6,42,60
2022-02-19,2022,7,42,96
2022-02-26,2022,8,42,82
2022-03-05,2022,9,42,77
2022-03-12,2022,10,42,82
2022-03-19,2022,11,42,120
2022-03-26,2022,12,42,113
2022-04-02,2022,13,42,153
2022-04-09,2022,14,42,207
2022-04-16,2022,15,42,207
2022-04-23,2022,16,42,213
2022-04-30,2022,17,42,169
2022-05-07,2022,18,42,156
2022-05-14,2022,19,42,186
2022-05-21,2022,20,42,151
2022-05-28,2022,21,42,85
2022-06-04,2022,22,42,63
2022-06-11,2022,23,42,55
2022-06-18,2022,24,42,43
2022-06-25,2022,25,42,38
2022-07-02,2022,26,42,44
2022-07-09,2022,27,42,40
2022-07-16,2022,28,42,25
2022-07-23,2022,29,42,37
2022-07-30,2022,30,42,28
2022-08-06,2022,31,42,28
2022-08-13,2022,32,42,30
2022-08-20,2022,33,42,44
2022-08-27,2022,34,42,29
2022-09-03,2022,35,42,40
2022-09-10,2022,36,42,35
2022-09-17,2022,37,42,29
2022-09-24,2022,38,42,35
2022-10-01,2022,39,42,53
2022-10-08,2022,40,42,59
2022-10-15,2022,41,42,76
2022-10-22,2022,42,42,97
2022-10-29,2022,43,42,179
2022-11-05,2022,44,42,238
2022-11-12,2022,45,42,366
2022-11-19,2022,46,42,438
2022-11-26,2022,47,42,825
2022-12-03,2022,48,42,1330
2022-12-10,2022,49,42,1180
2022-12-17,2022,50,42,1042
2022-12-24,2022,51,42,1044
2022-12-31,2022,52,42,1060
2023-01-07,2023,1,42,777
2023-01-14,2023,2,42,430
2023-01-21,2023,3,42,288
2023-01-28,2023,4,42,222
2023-02-04,2023,5,42,186
2023-02-11,2023,6,42,183
2023-02-18,2023,7,42,197
2023-02-25,2023,8,42,167
2023-03-04,2023,9,42,164
2023-03-11,2023,10,42,179
2023-03-18,2023,11,42,171
2023-03-25,2023,12,42,147
2023-04-01,2023,13,42,91
2023-04-08,2023,14,42,65
2023-04-15,2023,15,42,73
2023-04-22,2023,16,42,77
2023-04-29,2023,17,42,74
2023-05-06,2023,18,42,52
2023-05-13,2023,19,42,59
2023-05-20,2023,20,42,54
2023-05-27,2023,21,42,59
2022-02-12,2022,6,44,0
2022-02-19,2022,7,44,1
2022-02-26,2022,8,44,0
2022-03-05,2022,9,44,2
2022-03-12,2022,10,44,0
2022-03-19,2022,11,44,1
2022-03-26,2022,12,44,1
2022-04-02,2022,13,44,3
2022-04-09,2022,14,44,6
2022-04-16,2022,15,44,10
2022-04-23,2022,16,44,8
2022-04-30,2022,17,44,5
2022-05-07,2022,18,44,6
2022-05-14,2022,19,44,10
2022-05-21,2022,20,44,5
2022-05-28,2022,21,44,6
2022-06-04,2022,22,44,6
2022-06-11,2022,23,44,2
2022-06-18,2022,24,44,1
2022-06-25,2022,25,44,1
2022-07-02,2022,26,44,0
2022-07-09,2022,27,44,0
2022-07-16,2022,28,44,1
2022-07-23,2022,29,44,0
2022-07-30,2022,30,44,0
2022-08-06,2022,31,44,0
2022-08-13,2022,32,44,0
2022-08-20,2022,33,44,0
2022-08-27,2022,34,44,0
2022-09-03,2022,35,44,0
2022-09-10,2022,36,44,0
2022-09-17,2022,37,44,0
2022-09-24,2022,38,44,0
2022-10-01,2022,39,44,1
2022-10-08,2022,40,44,1
2022-10-15,2022,41,44,0
2022-10-22,2022,42,44,2
2022-10-29,2022,43,44,0
2022-11-05,2022,44,44,3
2022-11-12,2022,45,44,6
2022-11-19,2022,46,44,3
2022-11-26,2022,47,44,16
2022-12-03,2022,48,44,26
2022-12-10,2022,49,44,50
2022-12-17,2022,50,44,47
2022-12-24,2022,51,44,62
2022-12-31,2022,52,44,51
2023-01-07,2023,1,44,31
2023-01-14,2023,2,44,10
2023-01-21,2023,3,44,14
2023-01-28,2023,4,44,10
2023-02-04,2023,5,44,3
2023-02-11,2023,6,44,1
2023-02-18,2023,7,44,2
2023-02-25,2023,8,44,2
2023-03-04,2023,9,44,1
2023-03-11,2023,10,44,0
2023-03-18,2023,11,44,1
2023-03-25,2023,12,44,2
2023-04-01,2023,13,44,0
2023-04-08,2023,14,44,0
2023-04-15,2023,15,44,1
2023-04-22,2023,16,44,1
2023-04-29,2023,17,44,1
2023-05-06,2023,18,44,1
2023-05-13,2023,19,44,3
2023-05-20,2023,20,44,0
2023-05-27,2023,21,44,3
2022-02-12,2022,6,45,20
2022-02-19,2022,7,45,21
2022-02-26,2022,8,45,27
2022-03-05,2022,9,45,23
2022-03-12,2022,10,45,21
2022-03-19,2022,11,45,23
2022-03-26,2022,12,45,15
2022-04-02,2022,13,45,23
2022-04-09,2022,14,45,32
2022-04-16,2022,15,45,31
2022-04-23,2022,16,45,36
2022-04-30,2022,17,45,40
2022-05-07,2022,18,45,23
2022-05-14,2022,19,45,36
2022-05-21,2022,20,45,44
2022-05-28,2022,21,45,35
2022-06-04,2022,22,45,32
2022-06-11,2022,23,45,32
2022-06-18,2022,24,45,29
2022-06-25,2022,25,45,29
2022-07-02,2022,26,45,15
2022-07-09,2022,27,45,15
2022-07-16,2022,28,45,9
2022-07-23,2022,29,45,17
2022-07-30,2022,30,45,20
2022-08-06,2022,31,45,11
2022-08-13,2022,32,45,13
2022-08-20,2022,33,45,6
2022-08-27,2022,34,45,10
2022-09-03,2022,35,45,14
2022-09-10,2022,36,45,8
2022-09-17,2022,37,45,8
2022-09-24,2022,38,45,18
2022-10-01,2022,39,45,18
2022-10-08,2022,40,45,38
2022-10-15,2022,41,45,37
2022-10-22,2022,42,45,88
2022-10-29,2022,43,45,163
2022-11-05,2022,44,45,258
2022-11-12,2022,45,45,254
2022-11-19,2022,46,45,215
2022-11-26,2022,47,45,233
2022-12-03,2022,48,45,223
2022-12-10,2022,49,45,163
2022-12-17,2022,50,45,137
2022-12-24,2022,51,45,128
2022-12-31,2022,52,45,164
2023-01-07,2023,1,45,128
2023-01-14,2023,2,45,78
2023-01-21,2023,3,45,60
2023-01-28,2023,4,45,34
2023-02-04,2023,5,45,42
2023-02-11,2023,6,45,47
2023-02-18,2023,7,45,42
2023-02-25,2023,8,45,38
2023-03-04,2023,9,45,32
2023-03-11,2023,10,45,26
2023-03-18,2023,11,45,21
2023-03-25,2023,12,45,25
2023-04-01,2023,13,45,20
2023-04-08,2023,14,45,25
2023-04-15,2023,15,45,19
2023-04-22,2023,16,45,23
2023-04-29,2023,17,45,26
2023-05-06,2023,18,45,21
2023-05-13,2023,19,45,21
2023-05-20,2023,20,45,17
2023-05-27,2023,21,45,19
2022-02-12,2022,6,46,19
2022-02-19,2022,7,46,14
2022-02-26,2022,8,46,15
2022-03-05,2022,9,46,34
2022-03-12,2022,10,46,15
2022-03-19,2022,11,46,10
2022-03-26,2022,12,46,5
2022-04-02,2022,13,46,9
2022-04-09,2022,14,46,10
2022-04-16,2022,15,46,4
2022-04-23,2022,16,46,7
2022-04-30,2022,17,46,8
2022-05-07,2022,18,46,4
2022-05-14,2022,19,46,10
2022-05-21,2022,20,46,6
2022-05-28,2022,21,46,3
2022-06-04,2022,22,46,1
2022-06-11,2022,23,46,1
2022-06-18,2022,24,46,2
2022-06-25,2022,25,46,3
2022-07-02,2022,26,46,1
2022-07-09,2022,27,46,0
2022-07-16,2022,28,46,0
2022-07-23,2022,29,46,8
2022-07-30,2022,30,46,9
2022-08-06,2022,31,46,5
2022-08-13,2022,32,46,7
2022-08-20,2022,33,46,8
2022-08-27,2022,34,46,6
2022-09-03,2022,35,46,7
2022-09-10,2022,36,46,7
2022-09-17,2022,37,46,7
2022-09-24,2022,38,46,7
2022-10-01,2022,39,46,10
2022-10-08,2022,40,46,10
2022-10-15,2022,41,46,13
2022-10-22,2022,42,46,12
2022-10-29,2022,43,46,9
2022-11-05,2022,44,46,9
2022-11-12,2022,45,46,13
2022-11-19,2022,46,46,28
2022-11-26,2022,47,46,63
2022-12-03,2022,48,46,70
2022-12-10,2022,49,46,85
2022-12-17,2022,50,46,105
2022-12-24,2022,51,46,71
2022-12-31,2022,52,46,57
2023-01-07,2023,1,46,58
2023-01-14,2023,2,46,16
2023-01-21,2023,3,46,11
2023-01-28,2023,4,46,16
2023-02-04,2023,5,46,12
2023-02-11,2023,6,46,9
2023-02-18,2023,7,46,10
2023-02-25,2023,8,46,4
2023-03-04,2023,9,46,9
2023-03-11,2023,10,46,16
2023-03-18,2023,11,46,11
2023-03-25,2023,12,46,21
2023-04-01,2023,13,46,13
2023-04-08,2023,14,46,10
2023-04-15,2023,15,46,4
2023-04-22,2023,16,46,4
2023-04-29,2023,17,46,5
2023-05-06,2023,18,46,6
2023-05-13,2023,19,46,6
2023-05-20,2023,20,46,2
2023-05-27,2023,21,46,1
2022-02-12,2022,6,47,24
2022-02-19,2022,7,47,29
2022-02-26,2022,8,47,47
2022-03-05,2022,9,47,33
2022-03-12,2022,10,47,32
2022-03-19,2022,11,47,40
2022-03-26,2022,12,47,45
2022-04-02,2022,13,47,48
2022-04-09,2022,14,47,36
2022-04-16,2022,15,47,45
2022-04-23,2022,16,47,39
2022-04-30,2022,17,47,46
2022-05-07,2022,18,47,23
2022-05-14,2022,19,47,33
2022-05-21,2022,20,47,24
2022-05-28,2022,21,47,22
2022-06-04,2022,22,47,22
2022-06-11,2022,23,47,22
2022-06-18,2022,24,47,27
2022-06-25,2022,25,47,22
2022-07-02,2022,26,47,27
2022-07-09,2022,27,47,12
2022-07-16,2022,28,47,11
2022-07-23,2022,29,47,15
2022-07-30,2022,30,47,20
2022-08-06,2022,31,47,47
2022-08-13,2022,32,47,16
2022-08-20,2022,33,47,15
2022-08-27,2022,34,47,16
2022-09-03,2022,35,47,17
2022-09-10,2022,36,47,24
2022-09-17,2022,37,47,20
2022-09-24,2022,38,47,35
2022-10-01,2022,39,47,41
2022-10-08,2022,40,47,41
2022-10-15,2022,41,47,65
2022-10-22,2022,42,47,94
2022-10-29,2022,43,47,130
2022-11-05,2022,44,47,261
2022-11-12,2022,45,47,317
2022-11-19,2022,46,47,300
2022-11-26,2022,47,47,534
2022-12-03,2022,48,47,660
2022-12-10,2022,49,47,462
2022-12-17,2022,50,47,251
2022-12-24,2022,51,47,225
2022-12-31,2022,52,47,247
2023-01-07,2023,1,47,171
2023-01-14,2023,2,47,86
2023-01-21,2023,3,47,75
2023-01-28,2023,4,47,37
2023-02-04,2023,5,47,41
2023-02-11,2023,6,47,33
2023-02-18,2023,7,47,50
2023-02-25,2023,8,47,43
2023-03-04,2023,9,47,34
2023-03-11,2023,10,47,29
2023-03-18,2023,11,47,29
2023-03-25,2023,12,47,31
2023-04-01,2023,13,47,46
2023-04-08,2023,14,47,28
2023-04-15,2023,15,47,23
2023-04-22,2023,16,47,22
2023-04-29,2023,17,47,20
2023-05-06,2023,18,47,23
2023-05-13,2023,19,47,13
2023-05-20,2023,20,47,17
2023-05-27,2023,21,47,27
2022-02-12,2022,6,48,173
2022-02-19,2022,7,48,284
2022-02-26,2022,8,48,347
2022-03-05,2022,9,48,345
2022-03-12,2022,10,48,453
2022-03-19,2022,11,48,663
2022-03-26,2022,12,48,630
2022-04-02,2022,13,48,507
2022-04-09,2022,14,48,357
2022-04-16,2022,15,48,351
2022-04-23,2022,16,48,337
2022-04-30,2022,17,48,191
2022-05-07,2022,18,48,165
2022-05-14,2022,19,48,156
2022-05-21,2022,20,48,149
2022-05-28,2022,21,48,138
2022-06-04,2022,22,48,125
2022-06-11,2022,23,48,100
2022-06-18,2022,24,48,140
2022-06-25,2022,25,48,120
2022-07-02,2022,26,48,94
2022-07-09,2022,27,48,78
2022-07-16,2022,28,48,114
2022-07-23,2022,29,48,99
2022-07-30,2022,30,48,87
2022-08-06,2022,31,48,83
2022-08-13,2022,32,48,92
2022-08-20,2022,33,48,107
2022-08-27,2022,34,48,111
2022-09-03,2022,35,48,83
2022-09-10,2022,36,48,121
2022-09-17,2022,37,48,122
2022-09-24,2022,38,48,128
2022-10-01,2022,39,48,137
2022-10-08,2022,40,48,239
2022-10-15,2022,41,48,329
2022-10-22,2022,42,48,509
2022-10-29,2022,43,48,744
2022-11-05,2022,44,48,984
2022-11-12,2022,45,48,1129
2022-11-19,2022,46,48,1230
2022-11-26,2022,47,48,1929
2022-12-03,2022,48,48,2139
2022-12-10,2022,49,48,1781
2022-12-17,2022,50,48,1462
2022-12-24,2022,51,48,1225
2022-12-31,2022,52,48,1432
2023-01-07,2023,1,48,1167
2023-01-14,2023,2,48,727
2023-01-21,2023,3,48,458
2023-01-28,2023,4,48,341
2023-02-04,2023,5,48,256
2023-02-11,2023,6,48,270
2023-02-18,2023,7,48,235
2023-02-25,2023,8,48,202
2023-03-04,2023,9,48,167
2023-03-11,2023,10,48,152
2023-03-18,2023,11,48,147
2023-03-25,2023,12,48,135
2023-04-01,2023,13,48,150
2023-04-08,2023,14,48,120
2023-04-15,2023,15,48,110
2023-04-22,2023,16,48,100
2023-04-29,2023,17,48,119
2023-05-06,2023,18,48,110
2023-05-13,2023,19,48,94
2023-05-20,2023,20,48,96
2023-05-27,2023,21,48,75
2022-02-12,2022,6,49,4
2022-02-19,2022,7,49,6
2022-02-26,2022,8,49,6
2022-03-05,2022,9,49,12
2022-03-12,2022,10,49,14
2022-03-19,2022,11,49,18
2022-03-26,2022,12,49,8
2022-04-02,2022,13,49,18
2022-04-09,2022,14,49,13
2022-04-16,2022,15,49,17
2022-04-23,2022,16,49,8
2022-04-30,2022,17,49,3
2022-05-07,2022,18,49,17
2022-05-14,2022,19,49,11
2022-05-21,2022,20,49,7
2022-05-28,2022,21,49,1
2022-06-04,2022,22,49,5
2022-06-11,2022,23,49,3
2022-06-18,2022,24,49,2
2022-06-25,2022,25,49,6
2022-07-02,2022,26,49,5
2022-07-09,2022,27,49,0
2022-07-16,2022,28,49,0
2022-07-23,2022,29,49,0
2022-07-30,2022,30,49,1
2022-08-06,2022,31,49,1
2022-08-13,2022,32,49,2
2022-08-20,2022,33,49,1
2022-08-27,2022,34,49,0
2022-09-03,2022,35,49,1
2022-09-10,2022,36,49,1
2022-09-17,2022,37,49,0
2022-09-24,2022,38,49,1
2022-10-01,2022,39,49,0
2022-10-08,2022,40,49,2
2022-10-15,2022,41,49,1
2022-10-22,2022,42,49,8
2022-10-29,2022,43,49,11
2022-11-05,2022,44,49,5
2022-11-12,2022,45,49,14
2022-11-19,2022,46,49,8
2022-11-26,2022,47,49,29
2022-12-03,2022,48,49,36
2022-12-10,2022,49,49,64
2022-12-17,2022,50,49,41
2022-12-24,2022,51,49,62
2022-12-31,2022,52,49,90
2023-01-07,2023,1,49,54
2023-01-14,2023,2,49,27
2023-01-21,2023,3,49,17
2023-01-28,2023,4,49,5
2023-02-04,2023,5,49,8
2023-02-11,2023,6,49,6
2023-02-18,2023,7,49,4
2023-02-25,2023,8,49,5
2023-03-04,2023,9,49,1
2023-03-11,2023,10,49,7
2023-03-18,2023,11,49,4
2023-03-25,2023,12,49,2
2023-04-01,2023,13,49,4
2023-04-08,2023,14,49,5
2023-04-15,2023,15,49,4
2023-04-22,2023,16,49,5
2023-04-29,2023,17,49,1
2023-05-06,2023,18,49,5
2023-05-13,2023,19,49,7
2023-05-20,2023,20,49,1
2023-05-27,2023,21,49,6
2022-02-12,2022,6,50,0
2022-02-19,2022,7,50,0
2022-02-26,2022,8,50,1
2022-03-05,2022,9,50,0
2022-03-12,2022,10,50,0
2022-03-19,2022,11,50,0
2022-03-26,2022,12,50,8
2022-04-02,2022,13,50,6
2022-04-09,2022,14,50,12
2022-04-16,2022,15,50,8
2022-04-23,2022,16,50,8
2022-04-30,2022,17,50,6
2022-05-07,2022,18,50,7
2022-05-14,2022,19,50,3
2022-05-21,2022,20,50,0
2022-05-28,2022,21,50,2
2022-06-04,2022,22,50,0
2022-06-11,2022,23,50,3
2022-06-18,2022,24,50,2
2022-06-25,2022,25,50,0
2022-07-02,2022,26,50,3
2022-07-09,2022,27,50,1
2022-07-16,2022,28,50,1
2022-07-23,2022,29,50,0
2022-07-30,2022,30,50,0
2022-08-06,2022,31,50,0
2022-08-13,2022,32,50,0
2022-08-20,2022,33,50,0
2022-08-27,2022,34,50,0
2022-09-03,2022,35,50,1
2022-09-10,2022,36,50,0
2022-09-17,2022,37,50,0
2022-09-24,2022,38,50,0
2022-10-01,2022,39,50,0
2022-10-08,2022,40,50,1
2022-10-15,2022,41,50,1
2022-10-22,2022,42,50,0
2022-10-29,2022,43,50,1
2022-11-05,2022,44,50,1
2022-11-12,2022,45,50,0
2022-11-19,2022,46,50,2
2022-11-26,2022,47,50,15
2022-12-03,2022,48,50,34
2022-12-10,2022,49,50,45
2022-12-17,2022,50,50,66
2022-12-24,2022,51,50,66
2022-12-31,2022,52,50,76
2023-01-07,2023,1,50,41
2023-01-14,2023,2,50,10
2023-01-21,2023,3,50,11
2023-01-28,2023,4,50,6
2023-02-04,2023,5,50,1
2023-02-11,2023,6,50,0
2023-02-18,2023,7,50,2
2023-02-25,2023,8,50,2
2023-03-04,2023,9,50,1
2023-03-11,2023,10,50,5
2023-03-18,2023,11,50,3
2023-03-25,2023,12,50,3
2023-04-01,2023,13,50,0
2023-04-08,2023,14,50,0
2023-04-15,2023,15,50,1
2023-04-22,2023,16,50,0
2023-04-29,2023,17,50,2
2023-05-06,2023,18,50,0
2023-05-13,2023,19,50,0
2023-05-20,2023,20,50,2
2023-05-27,2023,21,50,0
2022-02-12,2022,6,51,39
2022-02-19,2022,7,51,37
2022-02-26,2022,8,51,41
2022-03-05,2022,9,51,38
2022-03-12,2022,10,51,33
2022-03-19,2022,11,51,37
2022-03-26,2022,12,51,44
2022-04-02,2022,13,51,45
2022-04-09,2022,14,51,46
2022-04-16,2022,15,51,56
2022-04-23,2022,16,51,51
2022-04-30,2022,17,51,66
2022-05-07,2022,18,51,47
2022-05-14,2022,19,51,47
2022-05-21,2022,20,51,42
2022-05-28,2022,21,51,39
2022-06-04,2022,22,51,48
2022-06-11,2022,23,51,40
2022-06-18,2022,24,51,42
2022-06-25,2022,25,51,37
2022-07-02,2022,26,51,47
2022-07-09,2022,27,51,25
2022-07-16,2022,28,51,28
2022-07-23,2022,29,51,40
2022-07-30,2022,30,51,29
2022-08-06,2022,31,51,25
2022-08-13,2022,32,51,33
2022-08-20,2022,33,51,21
2022-08-27,2022,34,51,24
2022-09-03,2022,35,51,29
2022-09-10,2022,36,51,20
2022-09-17,2022,37,51,27
2022-09-24,2022,38,51,18
2022-10-01,2022,39,51,30
2022-10-08,2022,40,51,50
2022-10-15,2022,41,51,52
2022-10-22,2022,42,51,89
2022-10-29,2022,43,51,186
2022-11-05,2022,44,51,315
2022-11-12,2022,45,51,339
2022-11-19,2022,46,51,273
2022-11-26,2022,47,51,440
2022-12-03,2022,48,51,469
2022-12-10,2022,49,51,338
2022-12-17,2022,50,51,285
2022-12-24,2022,51,51,274
2022-12-31,2022,52,51,280
2023-01-07,2023,1,51,211
2023-01-14,2023,2,51,112
2023-01-21,2023,3,51,72
2023-01-28,2023,4,51,57
2023-02-04,2023,5,51,64
2023-02-11,2023,6,51,63
2023-02-18,2023,7,51,54
2023-02-25,2023,8,51,62
2023-03-04,2023,9,51,56
2023-03-11,2023,10,51,45
2023-03-18,2023,11,51,59
2023-03-25,2023,12,51,51
2023-04-01,2023,13,51,46
2023-04-08,2023,14,51,55
2023-04-15,2023,15,51,29
2023-04-22,2023,16,51,47
2023-04-29,2023,17,51,39
2023-05-06,2023,18,51,47
2023-05-13,2023,19,51,39
2023-05-20,2023,20,51,43
2023-05-27,2023,21,51,46
2022-02-12,2022,6,53,8
2022-02-19,2022,7,53,5
2022-02-26,2022,8,53,7
2022-03-05,2022,9,53,12
2022-03-12,2022,10,53,14
2022-03-19,2022,11,53,19
2022-03-26,2022,12,53,25
2022-04-02,2022,13,53,19
2022-04-09,2022,14,53,26
2022-04-16,2022,15,53,37
2022-04-23,2022,16,53,35
2022-04-30,2022,17,53,41
2022-05-07,2022,18,53,58
2022-05-14,2022,19,53,54
2022-05-21,2022,20,53,65
2022-05-28,2022,21,53,57
2022-06-04,2022,22,53,64
2022-06-11,2022,23,53,59
2022-06-18,2022,24,53,46
2022-06-25,2022,25,53,67
2022-07-02,2022,26,53,50
2022-07-09,2022,27,53,27
2022-07-16,2022,28,53,30
2022-07-23,2022,29,53,23
2022-07-30,2022,30,53,15
2022-08-06,2022,31,53,17
2022-08-13,2022,32,53,13
2022-08-20,2022,33,53,12
2022-08-27,2022,34,53,7
2022-09-03,2022,35,53,8
2022-09-10,2022,36,53,10
2022-09-17,2022,37,53,15
2022-09-24,2022,38,53,10
2022-10-01,2022,39,53,8
2022-10-08,2022,40,53,17
2022-10-15,2022,41,53,17
2022-10-22,2022,42,53,20
2022-10-29,2022,43,53,35
2022-11-05,2022,44,53,42
2022-11-12,2022,45,53,105
2022-11-19,2022,46,53,270
2022-11-26,2022,47,53,605
2022-12-03,2022,48,53,716
2022-12-10,2022,49,53,707
2022-12-17,2022,50,53,709
2022-12-24,2022,51,53,387
2022-12-31,2022,52,53,380
2023-01-07,2023,1,53,208
2023-01-14,2023,2,53,133
2023-01-21,2023,3,53,80
2023-01-28,2023,4,53,56
2023-02-04,2023,5,53,44
2023-02-11,2023,6,53,42
2023-02-18,2023,7,53,37
2023-02-25,2023,8,53,34
2023-03-04,2023,9,53,57
2023-03-11,2023,10,53,42
2023-03-18,2023,11,53,30
2023-03-25,2023,12,53,28
2023-04-01,2023,13,53,33
2023-04-08,2023,14,53,23
2023-04-15,2023,15,53,32
2023-04-22,2023,16,53,16
2023-04-29,2023,17,53,11
2023-05-06,2023,18,53,14
2023-05-13,2023,19,53,12
2023-05-20,2023,20,53,12
2023-05-27,2023,21,53,14
2022-02-12,2022,6,54,5
2022-02-19,2022,7,54,12
2022-02-26,2022,8,54,17
2022-03-05,2022,9,54,30
2022-03-12,2022,10,54,27
2022-03-19,2022,11,54,48
2022-03-26,2022,12,54,21
2022-04-02,2022,13,54,44
2022-04-09,2022,14,54,42
2022-04-16,2022,15,54,49
2022-04-23,2022,16,54,41
2022-04-30,2022,17,54,38
2022-05-07,2022,18,54,23
2022-05-14,2022,19,54,23
2022-05-21,2022,20,54,14
2022-05-28,2022,21,54,8
2022-06-04,2022,22,54,6
2022-06-11,2022,23,54,15
2022-06-18,2022,24,54,7
2022-06-25,2022,25,54,6
2022-07-02,2022,26,54,4
2022-07-09,2022,27,54,7
2022-07-16,2022,28,54,8
2022-07-23,2022,29,54,4
2022-07-30,2022,30,54,1
2022-08-06,2022,31,54,9
2022-08-13,2022,32,54,1
2022-08-20,2022,33,54,2
2022-08-27,2022,34,54,4
2022-09-03,2022,35,54,1
2022-09-10,2022,36,54,0
2022-09-17,2022,37,54,1
2022-09-24,2022,38,54,1
2022-10-01,2022,39,54,1
2022-10-08,2022,40,54,5
2022-10-15,2022,41,54,12
2022-10-22,2022,42,54,23
2022-10-29,2022,43,54,66
2022-11-05,2022,44,54,84
2022-11-12,2022,45,54,130
2022-11-19,2022,46,54,135
2022-11-26,2022,47,54,209
2022-12-03,2022,48,54,320
2022-12-10,2022,49,54,236
2022-12-17,2022,50,54,199
2022-12-24,2022,51,54,149
2022-12-31,2022,52,54,188
2023-01-07,2023,1,54,138
2023-01-14,2023,2,54,37
2023-01-21,2023,3,54,13
2023-01-28,2023,4,54,20
2023-02-04,2023,5,54,23
2023-02-11,2023,6,54,16
2023-02-18,2023,7,54,10
2023-02-25,2023,8,54,13
2023-03-04,2023,9,54,8
2023-03-11,2023,10,54,4
2023-03-18,2023,11,54,10
2023-03-25,2023,12,54,15
2023-04-01,2023,13,54,7
2023-04-08,2023,14,54,9
2023-04-15,2023,15,54,5
2023-04-22,2023,16,54,4
2023-04-29,2023,17,54,5
2023-05-06,2023,18,54,4
2023-05-13,2023,19,54,6
2023-05-20,2023,20,54,11
2023-05-27,2023,21,54,8
2022-02-12,2022,6,55,28
2022-02-19,2022,7,55,29
2022-02-26,2022,8,55,27
2022-03-05,2022,9,55,64
2022-03-12,2022,10,55,46
2022-03-19,2022,11,55,50
2022-03-26,2022,12,55,58
2022-04-02,2022,13,55,55
2022-04-09,2022,14,55,50
2022-04-16,2022,15,55,69
2022-04-23,2022,16,55,51
2022-04-30,2022,17,55,65
2022-05-07,2022,18,55,46
2022-05-14,2022,19,55,36
2022-05-21,2022,20,55,28
2022-05-28,2022,21,55,24
2022-06-04,2022,22,55,14
2022-06-11,2022,23,55,15
2022-06-18,2022,24,55,8
2022-06-25,2022,25,55,8
2022-07-02,2022,26,55,7
2022-07-09,2022,27,55,2
2022-07-16,2022,28,55,1
2022-07-23,2022,29,55,0
2022-07-30,2022,30,55,3
2022-08-06,2022,31,55,5
2022-08-13,2022,32,55,1
2022-08-20,2022,33,55,1
2022-08-27,2022,34,55,3
2022-09-03,2022,35,55,2
2022-09-10,2022,36,55,0
2022-09-17,2022,37,55,0
2022-09-24,2022,38,55,4
2022-10-01,2022,39,55,1
2022-10-08,2022,40,55,1
2022-10-15,2022,41,55,6
2022-10-22,2022,42,55,8
2022-10-29,2022,43,55,17
2022-11-05,2022,44,55,34
2022-11-12,2022,45,55,50
2022-11-19,2022,46,55,109
2022-11-26,2022,47,55,255
2022-12-03,2022,48,55,474
2022-12-10,2022,49,55,478
2022-12-17,2022,50,55,498
2022-12-24,2022,51,55,444
2022-12-31,2022,52,55,476
2023-01-07,2023,1,55,324
2023-01-14,2023,2,55,165
2023-01-21,2023,3,55,96
2023-01-28,2023,4,55,44
2023-02-04,2023,5,55,22
2023-02-11,2023,6,55,24
2023-02-18,2023,7,55,7
2023-02-25,2023,8,55,10
2023-03-04,2023,9,55,3
2023-03-11,2023,10,55,10
2023-03-18,2023,11,55,7
2023-03-25,2023,12,55,8
2023-04-01,2023,13,55,7
2023-04-08,2023,14,55,7
2023-04-15,2023,15,55,12
2023-04-22,2023,16,55,3
2023-04-29,2023,17,55,0
2023-05-06,2023,18,55,8
2023-05-13,2023,19,55,4
2023-05-20,2023,20,55,6
2023-05-27,2023,21,55,3
2022-02-12,2022,6,56,2
2022-02-19,2022,7,56,2
2022-02-26,2022,8,56,5
2022-03-05,2022,9,56,5
2022-03-12,2022,10,56,4
2022-03-19,2022,11,56,4
2022-03-26,2022,12,56,6
2022-04-02,2022,13,56,4
2022-04-09,2022,14,56,8
2022-04-16,2022,15,56,8
2022-04-23,2022,16,56,1
2022-04-30,2022,17,56,5
2022-05-07,2022,18,56,6
2022-05-14,2022,19,56,4
2022-05-21,2022,20,56,4
2022-05-28,2022,21,56,6
2022-06-04,2022,22,56,9
2022-06-11,2022,23,56,6
2022-06-18,2022,24,56,3
2022-06-25,2022,25,56,0
2022-07-02,2022,26,56,2
2022-07-09,2022,27,56,2
2022-07-16,2022,28,56,2
2022-07-23,2022,29,56,0
2022-07-30,2022,30,56,2
2022-08-06,2022,31,56,0
2022-08-13,2022,32,56,0
2022-08-20,2022,33,56,0
2022-08-27,2022,34,56,0
2022-09-03,2022,35,56,0
2022-09-10,2022,36,56,0
2022-09-17,2022,37,56,0
2022-09-24,2022,38,56,0
2022-10-01,2022,39,56,0
2022-10-08,2022,40,56,1
2022-10-15,2022,41,56,3
2022-10-22,2022,42,56,1
2022-10-29,2022,43,56,5
2022-11-05,2022,44,56,8
2022-11-12,2022,45,56,13
2022-11-19,2022,46,56,47
2022-11-26,2022,47,56,45
2022-12-03,2022,48,56,73
2022-12-10,2022,49,56,52
2022-12-17,2022,50,56,35
2022-12-24,2022,51,56,51
2022-12-31,2022,52,56,50
2023-01-07,2023,1,56,33
2023-01-14,2023,2,56,16
2023-01-21,2023,3,56,11
2023-01-28,2023,4,56,5
2023-02-04,2023,5,56,7
2023-02-11,2023,6,56,2
2023-02-18,2023,7,56,1
2023-02-25,2023,8,56,1
2023-03-04,2023,9,56,0
2023-03-11,2023,10,56,3
2023-03-18,2023,11,56,1
2023-03-25,2023,12,56,0
2023-04-01,2023,13,56,1
2023-04-08,2023,14,56,3
2023-04-15,2023,15,56,2
2023-04-22,2023,16,56,0
2023-04-29,2023,17,56,1
2023-05-06,2023,18,56,2
2023-05-13,2023,19,56,1
2023-05-20,2023,20,56,1
2023-05-27,2023,21,56,0
